"Date","Price","Open","High","Low","Vol.","Change %"
"07/11/2022","1,015.28","1,005.98","1,015.28","998.87","2.32B","0.92%"
"08/11/2022","1,005.74","1,015.29","1,016.63","1,003.69","1.54B","-0.94%"
"09/11/2022","1,009.21","1,005.73","1,009.57","1,002.60","2.53B","0.34%"
"10/11/2022","991.65","1,009.21","1,009.21","990.13","2.97B","-1.74%"
"11/11/2022","1,012.94","991.68","1,016.64","991.68","5.46B","2.15%"
"14/11/2022","1,001.02","1,012.94","1,014.96","1,000.04","2.56B","-1.18%"
"15/11/2022","1,004.36","1,001.02","1,006.55","998.08","2.00B","0.33%"
"16/11/2022","1,000.96","1,004.36","1,006.55","990.09","3.50B","-0.34%"
"17/11/2022","1,004.92","1,000.96","1,007.90","992.73","2.03B","0.40%"
"18/11/2022","1,009.50","1,004.93","1,012.96","1,000.84","2.70B","0.46%"
"21/11/2022","1,002.40","1,009.50","1,013.12","1,001.78","2.31B","-0.70%"
"22/11/2022","996.87","1,002.40","1,008.84","996.87","3.04B","-0.55%"
"23/11/2022","998.50","996.88","1,005.72","996.07","2.23B","0.16%"
"24/11/2022","1,004.32","998.51","1,007.68","998.51","1.85B","0.58%"
"25/11/2022","1,001.74","1,004.33","1,005.21","994.82","2.01B","-0.26%"
"28/11/2022","996.76","1,001.73","1,007.51","996.74","3.48B","-0.50%"
"29/11/2022","995.22","996.75","999.81","992.13","3.39B","-0.15%"
"30/11/2022","1,008.28","995.23","1,010.21","991.16","8.37B","1.31%"
"01/12/2022","995.96","1,008.26","1,009.91","995.45","2.68B","-1.22%"
"02/12/2022","989.59","995.96","996.16","984.33","1.70B","-0.64%"
"05/12/2022","979.15","989.59","989.59","979.15","2.25B","-1.05%"
"06/12/2022","961.84","979.16","979.16","956.07","2.11B","-1.77%"
"07/12/2022","945.58","961.84","961.86","944.66","2.08B","-1.69%"
"08/12/2022","944.22","945.58","947.17","927.73","2.32B","-0.14%"
"09/12/2022","933.01","944.22","944.22","928.84","1.70B","-1.19%"
"12/12/2022","938.75","933.01","938.75","923.50","1.77B","0.61%"
"13/12/2022","952.79","938.75","955.68","934.94","27.98B","1.50%"
"14/12/2022","951.16","952.80","959.50","944.95","10.18B","-0.17%"
"15/12/2022","942.36","951.17","951.18","940.01","4.46B","-0.93%"
"16/12/2022","951.18","942.36","951.32","932.16","4.61B","0.94%"
"19/12/2022","946.85","951.18","953.62","941.28","3.10B","-0.46%"
"20/12/2022","938.90","946.85","947.02","936.98","4.40B","-0.84%"
"21/12/2022","941.66","938.90","942.78","935.22","3.66B","0.29%"
"22/12/2022","941.70","941.66","945.71","939.29","2.48B","0.00%"
"23/12/2022","934.26","941.69","941.69","933.13","2.38B","-0.79%"
"26/12/2022","935.15","934.27","938.91","931.22","2.37B","0.09%"
"27/12/2022","940.38","935.15","941.98","935.12","3.70B","0.56%"
"28/12/2022","933.69","940.39","942.56","930.52","2.94B","-0.71%"
"29/12/2022","939.87","933.69","940.06","926.80","5.04B","0.66%"
"30/12/2022","937.18","939.88","944.83","937.18","3.95B","-0.29%"
"02/01/2023","935.08","937.20","937.22","929.77","1.54B","-0.22%"
"03/01/2023","940.46","935.08","945.03","931.78","3.86B","0.57%"
"04/01/2023","928.53","940.46","941.88","928.53","3.28B","-1.27%"
"05/01/2023","909.66","928.54","928.57","902.98","3.94B","-2.03%"
"06/01/2023","913.02","909.65","913.98","899.61","2.19B","0.37%"
"09/01/2023","915.86","913.02","919.34","906.39","3.46B","0.31%"
"10/01/2023","901.09","915.86","916.22","894.19","3.52B","-1.61%"
"11/01/2023","894.95","901.09","901.14","889.01","2.37B","-0.68%"
"12/01/2023","905.68","894.95","911.22","893.01","4.12B","1.20%"
"13/01/2023","905.49","905.68","909.26","898.22","7.75B","-0.02%"
"16/01/2023","913.32","905.49","913.32","902.90","4.59B","0.86%"
"17/01/2023","929.85","913.32","935.79","913.32","9.41B","1.81%"
"18/01/2023","929.76","929.82","933.54","921.88","5.38B","-0.01%"
"19/01/2023","937.61","929.76","938.53","927.72","3.83B","0.84%"
"20/01/2023","941.01","937.61","942.88","936.27","5.15B","0.36%"
"24/01/2023","939.35","941.01","945.18","935.77","7.77B","-0.18%"
"25/01/2023","932.34","939.35","941.33","931.09","6.71B","-0.75%"
"26/01/2023","941.64","932.34","943.85","931.52","4.20B","1.00%"
"27/01/2023","949.73","941.64","956.18","941.64","3.98B","0.86%"
"30/01/2023","945.43","949.74","952.67","937.49","3.61B","-0.45%"
"31/01/2023","936.49","945.44","945.45","935.34","4.69B","-0.95%"
"01/02/2023","941.14","936.40","946.29","936.40","3.78B","0.50%"
"02/02/2023","943.04","941.14","945.87","938.67","8.05B","0.20%"
"03/02/2023","952.80","943.07","957.85","943.07","7.23B","1.04%"
"06/02/2023","948.45","952.80","956.52","941.66","3.62B","-0.46%"
"07/02/2023","956.61","948.45","959.43","948.19","4.96B","0.86%"
"08/02/2023","958.95","956.61","960.07","953.56","4.29B","0.24%"
"09/02/2023","952.23","958.95","962.91","951.51","6.37B","-0.70%"
"10/02/2023","952.45","951.82","952.45","937.86","2.63B","0.02%"
"13/02/2023","953.22","952.45","956.88","949.28","11.80B","0.08%"
"14/02/2023","960.31","953.22","960.31","953.22","4.41B","0.74%"
"15/02/2023","957.64","960.31","960.88","948.38","4.27B","-0.28%"
"16/02/2023","953.49","957.64","960.50","951.41","5.20B","-0.43%"
"17/02/2023","954.38","953.49","958.33","950.52","8.81B","0.09%"
"20/02/2023","954.85","954.41","957.35","948.66","8.07B","0.05%"
"21/02/2023","950.51","954.85","957.96","950.16","4.19B","-0.46%"
"22/02/2023","939.99","950.48","950.89","934.95","5.84B","-1.11%"
"23/02/2023","944.43","940.02","944.71","938.33","3.49B","0.47%"
"24/02/2023","946.93","944.43","953.00","944.43","4.12B","0.27%"
"27/02/2023","948.08","946.93","948.48","940.60","3.43B","0.12%"
"28/02/2023","942.97","948.08","954.61","942.97","6.17B","-0.54%"
"01/03/2023","945.82","942.94","951.79","942.94","5.48B","0.30%"
"02/03/2023","947.15","945.85","951.01","945.10","4.19B","0.14%"
"03/03/2023","938.96","947.15","951.48","937.58","3.66B","-0.86%"
"06/03/2023","938.72","939.02","946.56","938.72","4.95B","-0.03%"
"07/03/2023","935.74","938.69","941.19","934.26","5.09B","-0.32%"
"08/03/2023","939.03","935.74","939.03","930.04","5.59B","0.35%"
"09/03/2023","942.89","939.03","948.52","939.03","3.10B","0.41%"
"10/03/2023","937.14","942.89","942.89","934.22","3.66B","-0.61%"
"13/03/2023","939.84","937.08","944.10","931.72","5.76B","0.29%"
"14/03/2023","917.38","939.78","939.78","916.33","6.01B","-2.39%"
"15/03/2023","914.19","917.38","929.86","914.19","4.66B","-0.35%"
"16/03/2023","907.50","914.19","914.90","903.43","4.82B","-0.73%"
"17/03/2023","924.25","907.50","926.47","907.50","35.54B","1.85%"
"20/03/2023","915.57","924.25","924.25","910.83","3.89B","-0.94%"
"21/03/2023","929.99","915.57","929.99","914.23","5.72B","1.58%"
"24/03/2023","941.04","930.46","943.88","929.19","5.81B","1.19%"
"27/03/2023","929.10","941.04","943.05","929.10","3.06B","-1.27%"
"28/03/2023","935.31","929.10","936.66","929.10","3.06B","0.67%"
"29/03/2023","947.00","935.31","949.25","935.31","3.90B","1.25%"
"30/03/2023","939.61","947.00","951.03","938.19","4.09B","-0.78%"
"31/03/2023","937.68","939.63","943.78","935.45","4.73B","-0.20%"
"03/04/2023","943.07","937.68","946.46","937.65","3.63B","0.57%"
"04/04/2023","943.14","943.04","947.51","934.80","2.85B","0.01%"
"05/04/2023","940.69","943.14","949.17","940.50","3.53B","-0.26%"
"06/04/2023","937.20","940.69","943.29","936.39","8.73B","-0.37%"
"10/04/2023","935.59","937.20","938.42","928.35","4.93B","-0.17%"
"11/04/2023","941.78","935.59","941.78","929.79","7.21B","0.66%"
"12/04/2023","943.18","941.81","946.29","938.87","5.78B","0.15%"
"13/04/2023","943.89","943.09","947.78","940.28","7.07B","0.08%"
"14/04/2023","950.90","943.94","954.33","943.91","5.51B","0.74%"
"17/04/2023","943.42","950.93","952.48","939.21","2.86B","-0.79%"
"18/04/2023","948.34","943.42","952.90","942.70","2.46B","0.52%"
"26/04/2023","963.21","948.34","966.26","948.29","4.35B","1.57%"
"27/04/2023","965.08","963.34","968.02","956.97","7.61B","0.19%"
"28/04/2023","961.75","965.08","968.84","959.08","4.71B","-0.35%"
"02/05/2023","955.61","961.75","963.09","945.61","3.50B","-0.64%"
"03/05/2023","947.65","955.61","956.54","940.33","3.45B","-0.83%"
"04/05/2023","952.28","947.65","953.58","943.17","5.13B","0.49%"
"05/05/2023","945.05","952.28","954.06","935.91","4.78B","-0.76%"
"08/05/2023","938.05","945.02","946.45","936.90","6.06B","-0.74%"
"09/05/2023","940.48","938.05","942.40","933.13","6.08B","0.26%"
"10/05/2023","947.49","940.57","948.53","939.33","7.59B","0.75%"
"11/05/2023","940.15","947.49","948.28","932.87","7.30B","-0.78%"
"12/05/2023","932.22","940.15","940.15","931.72","8.67B","-0.84%"
"15/05/2023","935.00","932.36","936.67","925.16","5.47B","0.30%"
"16/05/2023","929.77","935.00","938.58","926.55","5.10B","-0.56%"
"17/05/2023","929.16","929.74","936.81","929.16","7.70B","-0.06%"
"19/05/2023","939.57","929.16","943.11","929.09","6.28B","1.12%"
"22/05/2023","945.43","939.57","951.84","935.18","6.18B","0.62%"
"23/05/2023","946.11","945.43","953.61","945.13","6.23B","0.07%"
"24/05/2023","948.48","946.11","950.15","941.98","4.95B","0.25%"
"25/05/2023","941.83","948.48","950.49","941.83","5.80B","-0.70%"
"26/05/2023","942.25","941.83","946.89","939.22","5.48B","0.05%"
"29/05/2023","946.58","942.31","946.82","934.08","6.48B","0.46%"
"30/05/2023","943.10","946.58","951.09","940.49","7.88B","-0.37%"
"31/05/2023","949.66","943.10","949.66","934.75","50.11B","0.70%"
"05/06/2023","946.57","949.66","954.67","942.54","5.78B","-0.33%"
"06/06/2023","946.68","946.57","951.92","939.29","12.12B","0.01%"
"07/06/2023","945.39","946.71","949.59","939.17","5.54B","-0.14%"
"08/06/2023","953.39","945.39","953.39","941.48","6.97B","0.85%"
"09/06/2023","954.24","953.33","955.79","948.26","8.77B","0.09%"
"12/06/2023","952.72","954.36","954.50","946.86","5.51B","-0.16%"
"13/06/2023","952.58","952.72","955.35","947.60","5.93B","-0.01%"
"14/06/2023","949.81","952.55","956.03","946.13","5.24B","-0.29%"
"15/06/2023","952.27","949.81","952.93","944.26","4.65B","0.26%"
"16/06/2023","952.16","952.21","954.63","943.91","7.06B","-0.01%"
"19/06/2023","950.03","952.16","952.84","946.42","3.40B","-0.22%"
"20/06/2023","948.81","950.03","951.32","942.64","3.21B","-0.13%"
"21/06/2023","954.69","948.81","954.98","944.58","3.02B","0.62%"
"22/06/2023","944.37","954.72","956.63","944.37","3.79B","-1.08%"
"23/06/2023","942.72","944.37","947.05","941.77","2.74B","-0.17%"
"26/06/2023","946.11","942.72","949.00","939.71","3.76B","0.36%"
"27/06/2023","945.70","946.11","950.82","944.82","5.30B","-0.04%"
"03/07/2023","952.57","945.67","952.57","945.48","3.26B","0.73%"
"04/07/2023","948.73","952.60","956.19","947.10","3.23B","-0.40%"
"05/07/2023","953.44","948.73","953.44","947.33","2.95B","0.50%"
"06/07/2023","956.40","953.30","958.42","950.24","3.32B","0.31%"
"07/07/2023","947.73","956.34","956.34","947.62","3.39B","-0.91%"
"10/07/2023","949.16","947.73","956.10","947.73","2.01B","0.15%"
"11/07/2023","954.96","949.19","956.34","949.08","3.69B","0.61%"
"12/07/2023","957.99","954.96","960.72","954.25","3.03B","0.32%"
"13/07/2023","956.95","958.02","962.71","954.03","4.04B","-0.11%"
"14/07/2023","964.09","956.95","964.69","956.27","4.60B","0.75%"
"17/07/2023","964.36","964.11","972.74","964.11","7.03B","0.03%"
"18/07/2023","958.37","964.36","970.31","952.68","5.60B","-0.62%"
"20/07/2023","961.53","958.34","965.30","957.67","3.28B","0.33%"
"21/07/2023","963.38","961.53","963.38","956.02","3.41B","0.19%"
"24/07/2023","962.43","963.38","968.96","962.13","4.21B","-0.10%"
"25/07/2023","963.85","962.14","970.50","962.14","4.04B","0.15%"
"26/07/2023","969.29","963.85","969.89","962.95","3.32B","0.56%"
"27/07/2023","959.27","969.29","973.50","959.27","3.01B","-1.03%"
"28/07/2023","961.66","959.30","961.66","954.06","2.74B","0.25%"
"31/07/2023","965.62","961.66","966.93","960.45","4.44B","0.41%"
"01/08/2023","963.46","965.57","968.30","961.32","3.94B","-0.22%"
"02/08/2023","960.14","963.46","963.46","956.63","4.11B","-0.34%"
"03/08/2023","967.03","960.14","972.24","956.87","2.98B","0.72%"
"04/08/2023","958.97","967.06","969.98","958.97","2.47B","-0.83%"
"07/08/2023","966.40","958.97","969.81","958.97","3.04B","0.77%"
"08/08/2023","961.86","966.43","970.42","960.85","4.87B","-0.47%"
"09/08/2023","965.30","961.86","968.20","961.86","9.88B","0.36%"
"10/08/2023","966.48","965.30","971.41","964.62","6.02B","0.12%"
"11/08/2023","964.35","966.48","968.89","962.24","4.77B","-0.22%"
"14/08/2023","968.66","964.35","968.66","954.17","3.32B","0.45%"
"15/08/2023","966.25","968.72","969.93","963.06","5.51B","-0.25%"
"16/08/2023","963.91","966.25","966.25","955.59","5.00B","-0.24%"
"18/08/2023","956.71","963.77","963.77","956.71","3.65B","-0.75%"
"21/08/2023","953.74","956.74","961.25","953.74","4.97B","-0.31%"
"22/08/2023","962.96","953.74","965.68","952.54","3.51B","0.97%"
"23/08/2023","960.13","962.96","967.66","960.13","4.37B","-0.29%"
"24/08/2023","956.34","960.13","963.71","956.34","3.76B","-0.39%"
"25/08/2023","956.72","956.34","958.71","951.95","2.96B","0.04%"
"28/08/2023","958.28","956.80","962.74","956.80","2.33B","0.16%"
"29/08/2023","964.03","958.28","965.43","958.28","7.10B","0.60%"
"30/08/2023","963.92","964.11","973.52","963.92","3.55B","-0.01%"
"31/08/2023","962.25","963.92","967.12","957.47","9.77B","-0.17%"
"01/09/2023","966.96","962.25","970.29","961.65","3.13B","0.49%"
"04/09/2023","969.92","966.99","972.01","965.90","2.32B","0.31%"
"05/09/2023","968.67","969.92","972.38","965.76","2.53B","-0.13%"
"06/09/2023","967.19","968.67","973.53","967.19","3.21B","-0.15%"
"07/09/2023","959.47","967.22","967.71","954.40","7.64B","-0.80%"
"08/09/2023","952.38","959.47","961.06","947.61","3.24B","-0.74%"
"11/09/2023","958.72","952.38","958.72","949.22","5.59B","0.67%"
"12/09/2023","953.46","958.72","960.68","952.30","3.82B","-0.55%"
"13/09/2023","954.23","953.49","954.41","947.79","3.63B","0.08%"
"14/09/2023","955.61","954.20","958.06","951.33","3.33B","0.15%"
"15/09/2023","961.20","955.59","966.14","953.51","8.40B","0.59%"
"18/09/2023","955.85","961.20","964.40","955.04","3.61B","-0.56%"
"19/09/2023","965.04","955.91","968.39","955.73","2.22B","0.96%"
"20/09/2023","970.43","965.04","978.71","965.04","3.72B","0.56%"
"21/09/2023","966.66","970.43","972.77","964.66","3.15B","-0.39%"
"22/09/2023","968.15","966.66","973.96","965.03","2.43B","0.15%"
"25/09/2023","962.60","968.18","970.09","962.60","3.14B","-0.57%"
"26/09/2023","952.40","962.55","966.41","950.33","7.29B","-1.06%"
"27/09/2023","953.32","952.40","961.51","950.07","4.32B","0.10%"
"29/09/2023","952.69","953.32","960.73","952.69","4.47B","-0.07%"
"02/10/2023","957.09","952.69","961.81","952.63","2.34B","0.46%"
"03/10/2023","956.07","957.09","960.57","953.00","4.20B","-0.11%"
"04/10/2023","949.23","956.07","956.56","944.40","5.23B","-0.72%"
"05/10/2023","944.67","949.31","955.69","944.67","4.39B","-0.48%"
"06/10/2023","946.51","944.72","953.17","944.72","3.31B","0.19%"
"09/10/2023","944.58","946.51","952.99","943.52","3.11B","-0.20%"
"10/10/2023","946.36","944.58","953.48","944.58","2.83B","0.19%"
"11/10/2023","944.69","946.36","951.42","944.69","6.45B","-0.18%"
"12/10/2023","943.45","944.72","953.48","943.45","8.94B","-0.13%"
"13/10/2023","939.55","943.40","948.57","936.58","10.15B","-0.41%"
"16/10/2023","935.06","939.58","944.07","930.69","21.02B","-0.48%"
"17/10/2023","932.63","935.06","937.99","930.66","6.74B","-0.26%"
"18/10/2023","925.42","932.63","933.69","925.35","5.46B","-0.77%"
"19/10/2023","910.09","925.36","925.43","910.09","5.32B","-1.66%"
"20/10/2023","911.89","910.09","917.00","904.61","6.91B","0.20%"
"23/10/2023","899.01","911.89","913.15","896.39","5.63B","-1.41%"
"24/10/2023","908.97","898.98","913.80","898.72","3.35B","1.11%"
"25/10/2023","911.95","909.00","920.88","909.00","3.75B","0.33%"
"26/10/2023","889.32","911.86","912.52","888.77","6.05B","-2.48%"
"27/10/2023","892.92","889.32","898.74","889.19","5.55B","0.41%"
"30/10/2023","889.34","892.89","893.62","883.90","4.84B","-0.40%"
"31/10/2023","892.34","889.34","893.61","879.43","8.14B","0.34%"
"01/11/2023","878.88","892.29","896.54","878.88","7.53B","-1.51%"
"02/11/2023","898.92","878.93","904.75","878.93","11.06B","2.28%"
"03/11/2023","904.15","898.92","913.49","898.36","13.86B","0.58%"
"06/11/2023","918.85","904.15","918.85","903.81","13.05B","1.63%"
"07/11/2023","913.43","918.85","920.16","907.30","5.91B","-0.59%"
"08/11/2023","906.75","913.40","913.46","899.03","4.94B","-0.73%"
"09/11/2023","908.03","906.75","913.42","904.50","2.73B","0.14%"
"10/11/2023","901.72","908.03","908.79","900.08","5.14B","-0.70%"
"13/11/2023","901.22","901.72","907.36","900.51","10.73B","-0.06%"
"14/11/2023","903.91","901.16","908.73","900.35","6.50B","0.30%"
"15/11/2023","920.12","903.97","923.03","903.97","8.46B","1.79%"
"16/11/2023","920.41","920.15","920.71","909.71","3.84B","0.03%"
"17/11/2023","917.41","920.44","920.64","911.89","4.09B","-0.33%"
"20/11/2023","918.68","917.41","921.19","914.08","5.81B","0.14%"
"21/11/2023","915.72","918.68","921.30","912.75","6.54B","-0.32%"
"22/11/2023","912.59","915.72","918.69","910.13","7.73B","-0.34%"
"23/11/2023","923.50","912.62","926.44","912.52","10.86B","1.20%"
"24/11/2023","924.87","923.53","930.41","923.30","6.00B","0.15%"
"27/11/2023","924.13","924.87","933.16","924.13","3.40B","-0.08%"
"28/11/2023","925.39","924.13","931.71","923.52","5.00B","0.14%"
"29/11/2023","924.34","925.39","930.21","922.09","4.60B","-0.11%"
"30/11/2023","930.03","924.34","930.72","924.34","11.14B","0.62%"
"01/12/2023","939.71","929.89","939.71","928.54","14.91B","1.04%"
"04/12/2023","940.14","939.73","953.55","939.73","18.58B","0.05%"
"05/12/2023","940.75","940.03","943.27","931.86","19.40B","0.06%"
"06/12/2023","936.80","940.75","945.18","936.74","14.92B","-0.42%"
"07/12/2023","945.44","936.80","945.44","930.94","13.17B","0.92%"
"08/12/2023","950.37","945.44","956.83","941.79","15.89B","0.52%"
"11/12/2023","936.71","945.92","949.04","931.63","36.09B","-1.44%"
"12/12/2023","941.52","940.23","944.91","935.90","13.49B","0.51%"
"13/12/2023","932.91","938.32","940.74","928.21","7.73B","-0.92%"
"14/12/2023","955.64","945.67","956.64","943.95","11.04B","2.44%"
"15/12/2023","957.97","957.26","961.48","954.02","6.47B","0.24%"
"18/12/2023","949.14","956.01","957.33","944.41","12.33B","-0.92%"
"19/12/2023","959.60","948.25","959.60","946.67","5.75B","1.10%"
"20/12/2023","962.98","964.04","967.46","960.60","3.08B","0.35%"
"21/12/2023","964.18","963.49","964.67","957.84","2.73B","0.12%"
"22/12/2023","967.36","967.68","969.99","964.74","2.56B","0.33%"
"26/12/2023","967.36","967.68","969.99","964.74","","0.00%"
"27/12/2023","968.73","971.35","973.96","967.90","2.88B","0.14%"
"28/12/2023","977.07","973.18","979.40","971.76","2.79B","0.86%"
"29/12/2023","970.57","978.01","978.27","969.27","2.85B","-0.67%"
"02/01/2024","979.43","969.46","979.43","966.47","2.34B","0.91%"
"03/01/2024","973.38","977.74","978.77","971.42","2.49B","-0.62%"
"04/01/2024","988.64","975.70","991.47","973.81","2.96B","1.57%"
"05/01/2024","986.26","992.16","998.34","986.26","2.38B","-0.24%"
"08/01/2024","976.44","988.65","994.77","974.87","2.66B","-1.00%"
"09/01/2024","970.08","979.83","982.38","967.05","3.91B","-0.65%"
"10/01/2024","969.14","967.27","974.29","963.17","2.55B","-0.10%"
"11/01/2024","969.94","974.78","978.22","969.94","5.53B","0.08%"
"12/01/2024","977.82","974.80","979.72","972.10","4.33B","0.81%"
"15/01/2024","974.06","980.54","982.27","972.10","3.04B","-0.38%"
"16/01/2024","975.39","975.65","981.30","972.12","2.89B","0.14%"
"17/01/2024","968.94","976.51","977.26","963.96","10.48B","-0.66%"
"18/01/2024","972.96","968.59","976.38","967.80","4.13B","0.41%"
"19/01/2024","972.67","976.87","978.71","968.04","3.15B","-0.03%"
"22/01/2024","973.37","973.79","976.17","967.75","2.95B","0.07%"
"23/01/2024","971.77","969.84","973.27","963.69","3.03B","-0.16%"
"24/01/2024","966.25","971.61","974.73","960.63","3.51B","-0.57%"
"25/01/2024","959.80","963.45","971.13","959.20","3.39B","-0.67%"
"26/01/2024","951.49","954.16","957.12","945.04","3.79B","-0.87%"
"29/01/2024","961.92","953.67","961.92","952.36","7.60B","1.10%"
"30/01/2024","971.70","959.66","975.23","957.27","7.55B","1.02%"
"31/01/2024","974.22","976.40","981.20","972.59","6.27B","0.26%"
"01/02/2024","977.27","977.24","983.21","972.81","7.91B","0.31%"
"02/02/2024","984.67","981.69","984.67","975.46","3.59B","0.76%"
"05/02/2024","975.49","984.36","985.44","975.49","5.35B","-0.93%"
"06/02/2024","980.62","982.38","984.71","978.51","5.51B","0.53%"
"07/02/2024","983.14","984.47","986.94","981.41","2.81B","0.26%"
"12/02/2024","995.17","990.41","996.87","987.57","7.22B","1.22%"
"13/02/2024","988.16","996.03","997.00","986.28","3.46B","-0.70%"
"15/02/2024","1,003.32","1,016.24","1,017.38","1,003.32","5.88B","1.53%"
"16/02/2024","1,006.63","1,010.89","1,014.63","1,002.36","4.43B","0.33%"
"19/02/2024","998.29","1,003.95","1,007.81","996.23","5.14B","-0.83%"
"20/02/2024","1,010.87","1,003.57","1,010.87","1,001.90","3.99B","1.26%"
"21/02/2024","1,008.41","1,009.39","1,012.28","997.44","5.26B","-0.24%"
"22/02/2024","1,002.51","1,005.33","1,008.34","1,000.13","3.46B","-0.59%"
"23/02/2024","994.16","999.65","1,001.65","988.87","3.97B","-0.83%"
"26/02/2024","991.60","990.33","994.28","986.72","3.43B","-0.26%"
"27/02/2024","992.69","987.25","994.74","985.39","6.09B","0.11%"
"28/02/2024","997.25","994.16","999.31","990.87","9.81B","0.46%"
"29/02/2024","989.93","996.85","998.06","986.28","9.35B","-0.73%"
"01/03/2024","987.90","990.48","992.88","981.24","4.13B","-0.21%"
"04/03/2024","981.95","989.42","990.45","979.79","7.06B","-0.60%"
"05/03/2024","979.88","986.29","987.72","979.30","3.84B","-0.21%"
"06/03/2024","994.06","980.88","995.04","980.61","8.78B","1.45%"
"07/03/2024","996.56","996.01","1,000.61","993.85","8.53B","0.25%"
"08/03/2024","1,000.35","1,001.92","1,004.80","998.78","3.51B","0.38%"
"13/03/2024","1,003.48","1,009.18","1,009.61","999.94","4.41B","0.31%"
"14/03/2024","1,011.60","1,000.04","1,011.60","998.61","4.94B","0.81%"
"15/03/2024","997.47","1,006.20","1,007.87","991.01","14.42B","-1.40%"
"18/03/2024","993.60","999.66","1,004.73","993.60","6.77B","-0.39%"
"19/03/2024","997.15","997.57","1,004.03","996.14","4.85B","0.36%"
"20/03/2024","992.93","989.97","995.32","988.12","7.90B","-0.42%"
"21/03/2024","994.77","999.38","1,003.94","994.77","4.54B","0.19%"
"22/03/2024","996.74","992.41","997.24","990.58","3.74B","0.20%"
"25/03/2024","1,001.91","994.44","1,001.91","990.20","3.39B","0.52%"
"26/03/2024","997.80","993.12","999.03","991.76","4.88B","-0.41%"
"27/03/2024","990.37","997.49","999.10","988.76","3.93B","-0.74%"
"28/03/2024","985.97","985.78","991.28","979.99","4.02B","-0.44%"
"01/04/2024","969.08","985.27","986.92","957.79","3.32B","-1.71%"
"02/04/2024","968.37","967.70","969.82","953.53","4.47B","-0.07%"
"03/04/2024","953.90","963.03","965.41","951.66","3.31B","-1.49%"
"04/04/2024","967.77","954.85","968.67","954.78","3.27B","1.45%"
"05/04/2024","963.73","965.73","970.61","963.49","2.77B","-0.42%"
"16/04/2024","935.34","928.68","947.27","924.96","8.00B","-2.95%"
"17/04/2024","928.35","943.30","946.71","928.35","5.13B","-0.75%"
"18/04/2024","935.51","932.90","939.55","929.86","4.17B","0.77%"
"19/04/2024","920.31","927.44","929.54","914.45","5.94B","-1.62%"
"22/04/2024","921.46","922.77","926.69","912.32","4.07B","0.12%"
"23/04/2024","927.64","927.95","937.95","924.33","5.20B","0.67%"
"24/04/2024","931.35","931.16","936.67","924.88","5.02B","0.40%"
"25/04/2024","923.49","929.79","931.81","920.62","3.72B","-0.84%"
"26/04/2024","898.78","919.45","921.89","898.78","4.50B","-2.68%"
"29/04/2024","915.35","895.22","917.38","894.65","4.75B","1.84%"
"30/04/2024","926.73","922.62","933.97","919.58","5.80B","1.24%"
"01/05/2024","926.73","922.62","933.97","919.58","","0.00%"
"02/05/2024","898.75","925.48","925.95","893.48","4.80B","-3.02%"
"03/05/2024","903.33","904.15","908.31","894.89","6.48B","0.51%"
"06/05/2024","906.29","910.90","912.30","900.05","6.08B","0.33%"
"07/05/2024","898.02","906.22","908.28","897.15","4.32B","-0.91%"
"08/05/2024","893.43","898.90","906.55","891.85","4.36B","-0.51%"
"13/05/2024","895.55","887.55","897.21","885.36","4.27B","0.24%"
"14/05/2024","892.58","895.20","898.78","891.01","3.24B","-0.33%"
"15/05/2024","901.40","893.02","904.78","890.92","3.42B","0.99%"
"16/05/2024","909.31","906.67","912.59","904.90","4.89B","0.88%"
"17/05/2024","919.51","909.91","925.64","909.03","7.43B","1.12%"
"20/05/2024","908.54","922.17","927.98","905.39","5.28B","-1.19%"
"21/05/2024","891.58","906.82","909.83","890.69","3.78B","-1.87%"
"22/05/2024","895.84","894.02","900.51","891.30","4.64B","0.48%"
"27/05/2024","889.79","895.00","902.09","889.25","9.29B","-0.68%"
"28/05/2024","900.82","900.23","913.75","898.29","7.07B","1.24%"
"29/05/2024","886.18","904.88","905.80","884.85","5.88B","-1.62%"
"30/05/2024","874.12","883.01","886.42","863.96","7.54B","-1.36%"
"31/05/2024","871.42","882.88","887.95","871.42","15.38B","-0.31%"
"03/06/2024","888.28","883.75","891.50","876.08","5.12B","1.93%"
"04/06/2024","895.80","895.73","905.01","893.65","6.44B","0.85%"
"05/06/2024","881.70","899.30","900.24","879.63","5.49B","-1.57%"
"06/06/2024","892.10","890.95","896.91","884.97","5.45B","1.18%"
"07/06/2024","883.93","894.69","895.40","882.94","3.90B","-0.92%"
"10/06/2024","884.84","886.72","887.25","879.57","14.04B","0.10%"
"11/06/2024","867.78","880.60","882.62","867.78","7.44B","-1.93%"
"12/06/2024","862.86","868.48","869.91","861.05","6.60B","-0.57%"
"13/06/2024","858.63","872.16","872.29","858.39","7.79B","-0.49%"
"14/06/2024","845.50","858.27","860.47","842.11","5.69B","-1.53%"
"19/06/2024","839.62","846.25","852.04","838.17","11.37B","-0.70%"
"20/06/2024","854.78","844.74","854.78","841.32","5.34B","1.81%"
"21/06/2024","867.20","858.72","875.27","857.21","11.11B","1.45%"
"24/06/2024","864.40","866.70","871.30","864.00","3.44B","-0.32%"
"25/06/2024","861.67","861.21","862.89","853.74","3.88B","-0.32%"
"26/06/2024","863.29","862.18","870.19","861.47","3.51B","0.19%"
"27/06/2024","874.39","868.23","875.84","865.12","2.61B","1.29%"
"28/06/2024","887.73","879.33","893.08","878.82","3.66B","1.52%"
"01/07/2024","896.66","890.24","897.02","888.97","2.49B","1.01%"
"02/07/2024","892.72","898.85","902.03","889.90","2.43B","-0.44%"
"03/07/2024","897.60","898.49","898.91","889.97","2.17B","0.55%"
"04/07/2024","899.85","900.56","909.05","899.34","2.63B","0.25%"
"05/07/2024","906.64","905.47","911.00","901.68","1.82B","0.75%"
"08/07/2024","904.33","908.46","908.66","899.45","2.60B","-0.25%"
"09/07/2024","909.42","904.96","915.03","902.56","2.25B","0.56%"
"10/07/2024","912.33","912.33","916.23","910.24","9.70B","0.32%"
"11/07/2024","915.36","915.15","919.23","912.18","3.04B","0.33%"
"12/07/2024","920.38","922.25","925.61","917.61","2.05B","0.55%"
"15/07/2024","912.58","922.07","922.58","908.44","1.74B","-0.85%"
"16/07/2024","904.55","914.72","915.84","903.16","1.59B","-0.88%"
"17/07/2024","910.07","911.93","913.09","905.66","10.94B","0.61%"
"18/07/2024","922.78","911.56","923.69","910.60","4.08B","1.40%"
"19/07/2024","919.53","919.31","920.21","912.32","3.40B","-0.35%"
"22/07/2024","923.25","923.97","925.53","920.08","3.22B","0.40%"
"23/07/2024","923.26","926.34","927.17","919.59","14.07B","0.00%"
"24/07/2024","917.17","920.15","923.48","915.04","4.09B","-0.66%"
"25/07/2024","916.16","917.75","918.31","908.84","2.79B","-0.11%"
"26/07/2024","920.39","920.55","924.16","918.80","2.37B","0.46%"
"29/07/2024","920.60","923.65","927.49","918.00","3.13B","0.02%"
"30/07/2024","910.76","919.88","920.54","908.98","2.98B","-1.07%"
"31/07/2024","913.71","913.17","916.99","910.80","5.02B","0.32%"
"01/08/2024","925.51","917.47","926.03","915.48","3.16B","1.29%"
"02/08/2024","919.37","921.15","925.16","914.44","3.92B","-0.66%"
"05/08/2024","890.71","908.71","909.16","882.15","8.59B","-3.12%"
"06/08/2024","899.18","898.35","905.33","891.56","3.09B","0.95%"
"07/08/2024","903.79","903.09","906.90","898.93","3.02B","0.51%"
"08/08/2024","898.90","903.94","906.70","897.65","3.13B","-0.54%"
"09/08/2024","908.13","904.10","912.11","904.09","2.95B","1.03%"
"12/08/2024","908.20","909.26","909.98","902.60","5.93B","0.01%"
"13/08/2024","912.51","911.95","914.90","906.12","3.04B","0.47%"
"14/08/2024","922.64","916.48","925.32","913.64","4.93B","1.11%"
"15/08/2024","919.52","924.01","925.44","914.49","3.04B","-0.34%"
"16/08/2024","925.27","926.64","928.39","922.65","2.60B","0.63%"
"19/08/2024","928.17","924.68","928.17","920.69","2.65B","0.31%"
"20/08/2024","939.14","932.72","940.10","929.88","4.69B","1.18%"
"21/08/2024","942.37","944.94","948.76","940.80","4.97B","0.34%"
"22/08/2024","934.36","937.79","940.98","928.58","3.14B","-0.85%"
"23/08/2024","943.22","938.73","946.98","937.76","2.54B","0.95%"
"26/08/2024","950.06","944.18","953.56","943.75","3.08B","0.73%"
"27/08/2024","946.51","948.48","950.27","939.76","3.02B","-0.37%"
"28/08/2024","948.65","947.86","951.11","939.77","3.34B","0.23%"
"29/08/2024","942.13","952.73","953.60","942.13","3.26B","-0.69%"
"30/08/2024","944.48","945.28","947.74","938.27","7.18B","0.25%"
"02/09/2024","950.37","947.58","955.62","946.22","2.64B","0.62%"
"03/09/2024","942.28","952.85","955.24","940.34","2.49B","-0.85%"
"04/09/2024","941.69","934.42","944.64","931.61","2.43B","-0.06%"
"05/09/2024","943.78","943.08","947.67","939.42","2.12B","0.22%"
"06/09/2024","950.19","944.54","953.23","943.61","2.29B","0.68%"
"09/09/2024","947.70","951.73","953.67","942.67","2.88B","-0.26%"
"10/09/2024","951.84","952.34","952.87","945.82","9.13B","0.44%"
"11/09/2024","951.63","953.72","955.73","948.45","4.23B","-0.02%"
"12/09/2024","958.48","955.86","963.66","955.86","13.08B","0.72%"
"13/09/2024","959.36","960.09","961.30","953.55","5.78B","0.09%"
"17/09/2024","966.92","963.38","968.13","961.13","9.18B","0.79%"
"18/09/2024","970.25","969.69","973.61","966.12","10.81B","0.34%"
"19/09/2024","979.68","975.90","981.91","973.55","11.15B","0.97%"
"20/09/2024","973.20","979.44","981.16","971.35","14.75B","-0.66%"
"23/09/2024","985.26","973.10","985.26","972.10","7.25B","1.24%"
"24/09/2024","985.41","984.91","988.27","983.06","5.49B","0.02%"
"25/09/2024","977.15","979.45","980.72","958.70","14.28B","-0.84%"
"26/09/2024","970.54","973.59","975.08","963.75","9.04B","-0.68%"
"27/09/2024","959.94","964.34","967.46","956.19","8.71B","-1.09%"
"30/09/2024","938.92","955.47","956.27","938.92","8.29B","-2.19%"
"01/10/2024","953.36","943.58","953.36","941.67","4.06B","1.54%"
"02/10/2024","938.70","944.97","950.95","933.22","7.79B","-1.54%"
"03/10/2024","937.39","939.31","941.72","931.31","6.06B","-0.14%"
"04/10/2024","929.73","934.83","937.37","924.51","10.83B","-0.82%"
"07/10/2024","927.37","929.12","934.11","921.27","10.53B","-0.25%"
"08/10/2024","939.27","923.82","944.67","918.26","5.80B","1.28%"
"09/10/2024","931.13","939.16","945.78","931.00","5.33B","-0.87%"
"10/10/2024","928.76","931.20","935.55","926.87","3.83B","-0.25%"
"11/10/2024","933.24","936.92","938.78","932.24","3.18B","0.48%"
"14/10/2024","937.73","932.89","940.29","932.88","7.03B","0.48%"
"15/10/2024","948.61","941.66","950.26","938.73","5.36B","1.16%"
"16/10/2024","949.21","952.35","952.80","945.50","6.13B","0.06%"
"17/10/2024","958.58","951.69","963.88","950.64","4.17B","0.99%"
"18/10/2024","961.00","964.17","967.12","956.73","3.21B","0.25%"
"21/10/2024","961.39","965.08","966.13","957.10","6.14B","0.04%"
"22/10/2024","954.38","957.15","960.75","952.73","10.81B","-0.73%"
"23/10/2024","954.76","951.17","955.83","950.86","6.05B","0.04%"
"24/10/2024","947.17","952.95","958.11","947.17","5.29B","-0.79%"
"25/10/2024","943.25","947.29","951.42","940.92","4.46B","-0.41%"
"28/10/2024","934.85","945.50","945.61","930.83","5.43B","-0.89%"
"29/10/2024","930.07","932.89","937.08","927.39","4.17B","-0.51%"
"30/10/2024","924.63","920.26","926.37","916.52","3.83B","-0.58%"
"31/10/2024","921.41","924.57","931.48","921.41","6.70B","-0.35%"
"01/11/2024","912.61","921.29","922.84","909.16","3.63B","-0.96%"
"04/11/2024","913.42","912.60","917.42","901.78","6.18B","0.09%"
"05/11/2024","920.14","912.13","920.42","909.70","4.38B","0.74%"
"06/11/2024","901.43","920.74","921.77","899.44","5.28B","-2.03%"