Date,Close,Open,High,Low,Vol.,Change %
7/11/2022,1015.28,1005.98,1015.28,998.87,2.32B,0.0092
8/11/2022,1005.74,1015.29,1016.63,1003.69,1.54B,-0.0094
9/11/2022,1009.21,1005.73,1009.57,1002.6,2.53B,0.0034
10/11/2022,991.65,1009.21,1009.21,990.13,2.97B,-0.0174
11/11/2022,1012.94,991.68,1016.64,991.68,5.46B,0.0215
14/11/2022,1001.02,1012.94,1014.96,1000.04,2.56B,-0.0118
15/11/2022,1004.36,1001.02,1006.55,998.08,2.00B,0.0033
16/11/2022,1000.96,1004.36,1006.55,990.09,3.50B,-0.0034
17/11/2022,1004.92,1000.96,1007.9,992.73,2.03B,0.004
18/11/2022,1009.5,1004.93,1012.96,1000.84,2.70B,0.0046
21/11/2022,1002.4,1009.5,1013.12,1001.78,2.31B,-0.007
22/11/2022,996.87,1002.4,1008.84,996.87,3.04B,-0.0055
23/11/2022,998.5,996.88,1005.72,996.07,2.23B,0.0016
24/11/2022,1004.32,998.51,1007.68,998.51,1.85B,0.0058
25/11/2022,1001.74,1004.33,1005.21,994.82,2.01B,-0.0026
28/11/2022,996.76,1001.73,1007.51,996.74,3.48B,-0.005
29/11/2022,995.22,996.75,999.81,992.13,3.39B,-0.0015
30/11/2022,1008.28,995.23,1010.21,991.16,8.37B,0.0131
1/12/2022,995.96,1008.26,1009.91,995.45,2.68B,-0.0122
2/12/2022,989.59,995.96,996.16,984.33,1.70B,-0.0064
5/12/2022,979.15,989.59,989.59,979.15,2.25B,-0.0105
6/12/2022,961.84,979.16,979.16,956.07,2.11B,-0.0177
7/12/2022,945.58,961.84,961.86,944.66,2.08B,-0.0169
8/12/2022,944.22,945.58,947.17,927.73,2.32B,-0.0014
9/12/2022,933.01,944.22,944.22,928.84,1.70B,-0.0119
12/12/2022,938.75,933.01,938.75,923.5,1.77B,0.0061
13/12/2022,952.79,938.75,955.68,934.94,27.98B,0.015
14/12/2022,951.16,952.8,959.5,944.95,10.18B,-0.0017
15/12/2022,942.36,951.17,951.18,940.01,4.46B,-0.0093
16/12/2022,951.18,942.36,951.32,932.16,4.61B,0.0094
19/12/2022,946.85,951.18,953.62,941.28,3.10B,-0.0046
20/12/2022,938.9,946.85,947.02,936.98,4.40B,-0.0084
21/12/2022,941.66,938.9,942.78,935.22,3.66B,0.0029
22/12/2022,941.7,941.66,945.71,939.29,2.48B,0
23/12/2022,934.26,941.69,941.69,933.13,2.38B,-0.0079
26/12/2022,935.15,934.27,938.91,931.22,2.37B,0.0009
27/12/2022,940.38,935.15,941.98,935.12,3.70B,0.0056
28/12/2022,933.69,940.39,942.56,930.52,2.94B,-0.0071
29/12/2022,939.87,933.69,940.06,926.8,5.04B,0.0066
30/12/2022,937.18,939.88,944.83,937.18,3.95B,-0.0029
2/1/2023,935.08,937.2,937.22,929.77,1.54B,-0.0022
3/1/2023,940.46,935.08,945.03,931.78,3.86B,0.0057
4/1/2023,928.53,940.46,941.88,928.53,3.28B,-0.0127
5/1/2023,909.66,928.54,928.57,902.98,3.94B,-0.0203
6/1/2023,913.02,909.65,913.98,899.61,2.19B,0.0037
9/1/2023,915.86,913.02,919.34,906.39,3.46B,0.0031
10/1/2023,901.09,915.86,916.22,894.19,3.52B,-0.0161
11/1/2023,894.95,901.09,901.14,889.01,2.37B,-0.0068
12/1/2023,905.68,894.95,911.22,893.01,4.12B,0.012
13/01/2023,905.49,905.68,909.26,898.22,7.75B,-0.0002
16/01/2023,913.32,905.49,913.32,902.9,4.59B,0.0086
17/01/2023,929.85,913.32,935.79,913.32,9.41B,0.0181
18/01/2023,929.76,929.82,933.54,921.88,5.38B,-0.0001
19/01/2023,937.61,929.76,938.53,927.72,3.83B,0.0084
20/01/2023,941.01,937.61,942.88,936.27,5.15B,0.0036
24/01/2023,939.35,941.01,945.18,935.77,7.77B,-0.0018
25/01/2023,932.34,939.35,941.33,931.09,6.71B,-0.0075
26/01/2023,941.64,932.34,943.85,931.52,4.20B,0.01
27/01/2023,949.73,941.64,956.18,941.64,3.98B,0.0086
30/01/2023,945.43,949.74,952.67,937.49,3.61B,-0.0045
31/01/2023,936.49,945.44,945.45,935.34,4.69B,-0.0095
1/2/2023,941.14,936.4,946.29,936.4,3.78B,0.005
2/2/2023,943.04,941.14,945.87,938.67,8.05B,0.002
3/2/2023,952.8,943.07,957.85,943.07,7.23B,0.0104
6/2/2023,948.45,952.8,956.52,941.66,3.62B,-0.0046
7/2/2023,956.61,948.45,959.43,948.19,4.96B,0.0086
8/2/2023,958.95,956.61,960.07,953.56,4.29B,0.0024
9/2/2023,952.23,958.95,962.91,951.51,6.37B,-0.007
10/2/2023,952.45,951.82,952.45,937.86,2.63B,0.0002
13/02/2023,953.22,952.45,956.88,949.28,11.80B,0.0008
14/02/2023,960.31,953.22,960.31,953.22,4.41B,0.0074
15/02/2023,957.64,960.31,960.88,948.38,4.27B,-0.0028
16/02/2023,953.49,957.64,960.5,951.41,5.20B,-0.0043
17/02/2023,954.38,953.49,958.33,950.52,8.81B,0.0009
20/02/2023,954.85,954.41,957.35,948.66,8.07B,0.0005
21/02/2023,950.51,954.85,957.96,950.16,4.19B,-0.0046
22/02/2023,939.99,950.48,950.89,934.95,5.84B,-0.0111
23/02/2023,944.43,940.02,944.71,938.33,3.49B,0.0047
24/02/2023,946.93,944.43,953,944.43,4.12B,0.0027
27/02/2023,948.08,946.93,948.48,940.6,3.43B,0.0012
28/02/2023,942.97,948.08,954.61,942.97,6.17B,-0.0054
1/3/2023,945.82,942.94,951.79,942.94,5.48B,0.003
2/3/2023,947.15,945.85,951.01,945.1,4.19B,0.0014
3/3/2023,938.96,947.15,951.48,937.58,3.66B,-0.0086
6/3/2023,938.72,939.02,946.56,938.72,4.95B,-0.0003
7/3/2023,935.74,938.69,941.19,934.26,5.09B,-0.0032
8/3/2023,939.03,935.74,939.03,930.04,5.59B,0.0035
9/3/2023,942.89,939.03,948.52,939.03,3.10B,0.0041
10/3/2023,937.14,942.89,942.89,934.22,3.66B,-0.0061
13/03/2023,939.84,937.08,944.1,931.72,5.76B,0.0029
14/03/2023,917.38,939.78,939.78,916.33,6.01B,-0.0239
15/03/2023,914.19,917.38,929.86,914.19,4.66B,-0.0035
16/03/2023,907.5,914.19,914.9,903.43,4.82B,-0.0073
17/03/2023,924.25,907.5,926.47,907.5,35.54B,0.0185
20/03/2023,915.57,924.25,924.25,910.83,3.89B,-0.0094
21/03/2023,929.99,915.57,929.99,914.23,5.72B,0.0158
24/03/2023,941.04,930.46,943.88,929.19,5.81B,0.0119
27/03/2023,929.1,941.04,943.05,929.1,3.06B,-0.0127
28/03/2023,935.31,929.1,936.66,929.1,3.06B,0.0067
29/03/2023,947,935.31,949.25,935.31,3.90B,0.0125
30/03/2023,939.61,947,951.03,938.19,4.09B,-0.0078
31/03/2023,937.68,939.63,943.78,935.45,4.73B,-0.002
3/4/2023,943.07,937.68,946.46,937.65,3.63B,0.0057
4/4/2023,943.14,943.04,947.51,934.8,2.85B,0.0001
5/4/2023,940.69,943.14,949.17,940.5,3.53B,-0.0026
6/4/2023,937.2,940.69,943.29,936.39,8.73B,-0.0037
10/4/2023,935.59,937.2,938.42,928.35,4.93B,-0.0017
11/4/2023,941.78,935.59,941.78,929.79,7.21B,0.0066
12/4/2023,943.18,941.81,946.29,938.87,5.78B,0.0015
13/04/2023,943.89,943.09,947.78,940.28,7.07B,0.0008
14/04/2023,950.9,943.94,954.33,943.91,5.51B,0.0074
17/04/2023,943.42,950.93,952.48,939.21,2.86B,-0.0079
18/04/2023,948.34,943.42,952.9,942.7,2.46B,0.0052
26/04/2023,963.21,948.34,966.26,948.29,4.35B,0.0157
27/04/2023,965.08,963.34,968.02,956.97,7.61B,0.0019
28/04/2023,961.75,965.08,968.84,959.08,4.71B,-0.0035
2/5/2023,955.61,961.75,963.09,945.61,3.50B,-0.0064
3/5/2023,947.65,955.61,956.54,940.33,3.45B,-0.0083
4/5/2023,952.28,947.65,953.58,943.17,5.13B,0.0049
5/5/2023,945.05,952.28,954.06,935.91,4.78B,-0.0076
8/5/2023,938.05,945.02,946.45,936.9,6.06B,-0.0074
9/5/2023,940.48,938.05,942.4,933.13,6.08B,0.0026
10/5/2023,947.49,940.57,948.53,939.33,7.59B,0.0075
11/5/2023,940.15,947.49,948.28,932.87,7.30B,-0.0078
12/5/2023,932.22,940.15,940.15,931.72,8.67B,-0.0084
15/05/2023,935,932.36,936.67,925.16,5.47B,0.003
16/05/2023,929.77,935,938.58,926.55,5.10B,-0.0056
17/05/2023,929.16,929.74,936.81,929.16,7.70B,-0.0006
19/05/2023,939.57,929.16,943.11,929.09,6.28B,0.0112
22/05/2023,945.43,939.57,951.84,935.18,6.18B,0.0062
23/05/2023,946.11,945.43,953.61,945.13,6.23B,0.0007
24/05/2023,948.48,946.11,950.15,941.98,4.95B,0.0025
25/05/2023,941.83,948.48,950.49,941.83,5.80B,-0.007
26/05/2023,942.25,941.83,946.89,939.22,5.48B,0.0005
29/05/2023,946.58,942.31,946.82,934.08,6.48B,0.0046
30/05/2023,943.1,946.58,951.09,940.49,7.88B,-0.0037
31/05/2023,949.66,943.1,949.66,934.75,50.11B,0.007
5/6/2023,946.57,949.66,954.67,942.54,5.78B,-0.0033
6/6/2023,946.68,946.57,951.92,939.29,12.12B,0.0001
7/6/2023,945.39,946.71,949.59,939.17,5.54B,-0.0014
8/6/2023,953.39,945.39,953.39,941.48,6.97B,0.0085
9/6/2023,954.24,953.33,955.79,948.26,8.77B,0.0009
12/6/2023,952.72,954.36,954.5,946.86,5.51B,-0.0016
13/06/2023,952.58,952.72,955.35,947.6,5.93B,-0.0001
14/06/2023,949.81,952.55,956.03,946.13,5.24B,-0.0029
15/06/2023,952.27,949.81,952.93,944.26,4.65B,0.0026
16/06/2023,952.16,952.21,954.63,943.91,7.06B,-0.0001
19/06/2023,950.03,952.16,952.84,946.42,3.40B,-0.0022
20/06/2023,948.81,950.03,951.32,942.64,3.21B,-0.0013
21/06/2023,954.69,948.81,954.98,944.58,3.02B,0.0062
22/06/2023,944.37,954.72,956.63,944.37,3.79B,-0.0108
23/06/2023,942.72,944.37,947.05,941.77,2.74B,-0.0017
26/06/2023,946.11,942.72,949,939.71,3.76B,0.0036
27/06/2023,945.7,946.11,950.82,944.82,5.30B,-0.0004
3/7/2023,952.57,945.67,952.57,945.48,3.26B,0.0073
4/7/2023,948.73,952.6,956.19,947.1,3.23B,-0.004
5/7/2023,953.44,948.73,953.44,947.33,2.95B,0.005
6/7/2023,956.4,953.3,958.42,950.24,3.32B,0.0031
7/7/2023,947.73,956.34,956.34,947.62,3.39B,-0.0091
10/7/2023,949.16,947.73,956.1,947.73,2.01B,0.0015
11/7/2023,954.96,949.19,956.34,949.08,3.69B,0.0061
12/7/2023,957.99,954.96,960.72,954.25,3.03B,0.0032
13/07/2023,956.95,958.02,962.71,954.03,4.04B,-0.0011
14/07/2023,964.09,956.95,964.69,956.27,4.60B,0.0075
17/07/2023,964.36,964.11,972.74,964.11,7.03B,0.0003
18/07/2023,958.37,964.36,970.31,952.68,5.60B,-0.0062
20/07/2023,961.53,958.34,965.3,957.67,3.28B,0.0033
21/07/2023,963.38,961.53,963.38,956.02,3.41B,0.0019
24/07/2023,962.43,963.38,968.96,962.13,4.21B,-0.001
25/07/2023,963.85,962.14,970.5,962.14,4.04B,0.0015
26/07/2023,969.29,963.85,969.89,962.95,3.32B,0.0056
27/07/2023,959.27,969.29,973.5,959.27,3.01B,-0.0103
28/07/2023,961.66,959.3,961.66,954.06,2.74B,0.0025
31/07/2023,965.62,961.66,966.93,960.45,4.44B,0.0041
1/8/2023,963.46,965.57,968.3,961.32,3.94B,-0.0022
2/8/2023,960.14,963.46,963.46,956.63,4.11B,-0.0034
3/8/2023,967.03,960.14,972.24,956.87,2.98B,0.0072
4/8/2023,958.97,967.06,969.98,958.97,2.47B,-0.0083
7/8/2023,966.4,958.97,969.81,958.97,3.04B,0.0077
8/8/2023,961.86,966.43,970.42,960.85,4.87B,-0.0047
9/8/2023,965.3,961.86,968.2,961.86,9.88B,0.0036
10/8/2023,966.48,965.3,971.41,964.62,6.02B,0.0012
11/8/2023,964.35,966.48,968.89,962.24,4.77B,-0.0022
14/08/2023,968.66,964.35,968.66,954.17,3.32B,0.0045
15/08/2023,966.25,968.72,969.93,963.06,5.51B,-0.0025
16/08/2023,963.91,966.25,966.25,955.59,5.00B,-0.0024
18/08/2023,956.71,963.77,963.77,956.71,3.65B,-0.0075
21/08/2023,953.74,956.74,961.25,953.74,4.97B,-0.0031
22/08/2023,962.96,953.74,965.68,952.54,3.51B,0.0097
23/08/2023,960.13,962.96,967.66,960.13,4.37B,-0.0029
24/08/2023,956.34,960.13,963.71,956.34,3.76B,-0.0039
25/08/2023,956.72,956.34,958.71,951.95,2.96B,0.0004
28/08/2023,958.28,956.8,962.74,956.8,2.33B,0.0016
29/08/2023,964.03,958.28,965.43,958.28,7.10B,0.006
30/08/2023,963.92,964.11,973.52,963.92,3.55B,-0.0001
31/08/2023,962.25,963.92,967.12,957.47,9.77B,-0.0017
1/9/2023,966.96,962.25,970.29,961.65,3.13B,0.0049
4/9/2023,969.92,966.99,972.01,965.9,2.32B,0.0031
5/9/2023,968.67,969.92,972.38,965.76,2.53B,-0.0013
6/9/2023,967.19,968.67,973.53,967.19,3.21B,-0.0015
7/9/2023,959.47,967.22,967.71,954.4,7.64B,-0.008
8/9/2023,952.38,959.47,961.06,947.61,3.24B,-0.0074
11/9/2023,958.72,952.38,958.72,949.22,5.59B,0.0067
12/9/2023,953.46,958.72,960.68,952.3,3.82B,-0.0055
13/09/2023,954.23,953.49,954.41,947.79,3.63B,0.0008
14/09/2023,955.61,954.2,958.06,951.33,3.33B,0.0015
15/09/2023,961.2,955.59,966.14,953.51,8.40B,0.0059
18/09/2023,955.85,961.2,964.4,955.04,3.61B,-0.0056
19/09/2023,965.04,955.91,968.39,955.73,2.22B,0.0096
20/09/2023,970.43,965.04,978.71,965.04,3.72B,0.0056
21/09/2023,966.66,970.43,972.77,964.66,3.15B,-0.0039
22/09/2023,968.15,966.66,973.96,965.03,2.43B,0.0015
25/09/2023,962.6,968.18,970.09,962.6,3.14B,-0.0057
26/09/2023,952.4,962.55,966.41,950.33,7.29B,-0.0106
27/09/2023,953.32,952.4,961.51,950.07,4.32B,0.001
29/09/2023,952.69,953.32,960.73,952.69,4.47B,-0.0007
2/10/2023,957.09,952.69,961.81,952.63,2.34B,0.0046
3/10/2023,956.07,957.09,960.57,953,4.20B,-0.0011
4/10/2023,949.23,956.07,956.56,944.4,5.23B,-0.0072
5/10/2023,944.67,949.31,955.69,944.67,4.39B,-0.0048
6/10/2023,946.51,944.72,953.17,944.72,3.31B,0.0019
9/10/2023,944.58,946.51,952.99,943.52,3.11B,-0.002
10/10/2023,946.36,944.58,953.48,944.58,2.83B,0.0019
11/10/2023,944.69,946.36,951.42,944.69,6.45B,-0.0018
12/10/2023,943.45,944.72,953.48,943.45,8.94B,-0.0013
13/10/2023,939.55,943.4,948.57,936.58,10.15B,-0.0041
16/10/2023,935.06,939.58,944.07,930.69,21.02B,-0.0048
17/10/2023,932.63,935.06,937.99,930.66,6.74B,-0.0026
18/10/2023,925.42,932.63,933.69,925.35,5.46B,-0.0077
19/10/2023,910.09,925.36,925.43,910.09,5.32B,-0.0166
20/10/2023,911.89,910.09,917,904.61,6.91B,0.002
23/10/2023,899.01,911.89,913.15,896.39,5.63B,-0.0141
24/10/2023,908.97,898.98,913.8,898.72,3.35B,0.0111
25/10/2023,911.95,909,920.88,909,3.75B,0.0033
26/10/2023,889.32,911.86,912.52,888.77,6.05B,-0.0248
27/10/2023,892.92,889.32,898.74,889.19,5.55B,0.0041
30/10/2023,889.34,892.89,893.62,883.9,4.84B,-0.004
31/10/2023,892.34,889.34,893.61,879.43,8.14B,0.0034
1/11/2023,878.88,892.29,896.54,878.88,7.53B,-0.0151
2/11/2023,898.92,878.93,904.75,878.93,11.06B,0.0228
3/11/2023,904.15,898.92,913.49,898.36,13.86B,0.0058
6/11/2023,918.85,904.15,918.85,903.81,13.05B,0.0163
7/11/2023,913.43,918.85,920.16,907.3,5.91B,-0.0059
8/11/2023,906.75,913.4,913.46,899.03,4.94B,-0.0073
9/11/2023,908.03,906.75,913.42,904.5,2.73B,0.0014
10/11/2023,901.72,908.03,908.79,900.08,5.14B,-0.007
13/11/2023,901.22,901.72,907.36,900.51,10.73B,-0.0006
14/11/2023,903.91,901.16,908.73,900.35,6.50B,0.003
15/11/2023,920.12,903.97,923.03,903.97,8.46B,0.0179
16/11/2023,920.41,920.15,920.71,909.71,3.84B,0.0003
17/11/2023,917.41,920.44,920.64,911.89,4.09B,-0.0033
20/11/2023,918.68,917.41,921.19,914.08,5.81B,0.0014
21/11/2023,915.72,918.68,921.3,912.75,6.54B,-0.0032
22/11/2023,912.59,915.72,918.69,910.13,7.73B,-0.0034
23/11/2023,923.5,912.62,926.44,912.52,10.86B,0.012
24/11/2023,924.87,923.53,930.41,923.3,6.00B,0.0015
27/11/2023,924.13,924.87,933.16,924.13,3.40B,-0.0008
28/11/2023,925.39,924.13,931.71,923.52,5.00B,0.0014
29/11/2023,924.34,925.39,930.21,922.09,4.60B,-0.0011
30/11/2023,930.03,924.34,930.72,924.34,11.14B,0.0062
1/12/2023,939.71,929.89,939.71,928.54,14.91B,0.0104
4/12/2023,940.14,939.73,953.55,939.73,18.58B,0.0005
5/12/2023,940.75,940.03,943.27,931.86,19.40B,0.0006
6/12/2023,936.8,940.75,945.18,936.74,14.92B,-0.0042
7/12/2023,945.44,936.8,945.44,930.94,13.17B,0.0092
8/12/2023,950.37,945.44,956.83,941.79,15.89B,0.0052
11/12/2023,936.71,945.92,949.04,931.63,36.09B,-0.0144
12/12/2023,941.52,940.23,944.91,935.9,13.49B,0.0051
13/12/2023,932.91,938.32,940.74,928.21,7.73B,-0.0092
14/12/2023,955.64,945.67,956.64,943.95,11.04B,0.0244
15/12/2023,957.97,957.26,961.48,954.02,6.47B,0.0024
18/12/2023,949.14,956.01,957.33,944.41,12.33B,-0.0092
19/12/2023,959.6,948.25,959.6,946.67,5.75B,0.011
20/12/2023,962.98,964.04,967.46,960.6,3.08B,0.0035
21/12/2023,964.18,963.49,964.67,957.84,2.73B,0.0012
22/12/2023,967.36,967.68,969.99,964.74,2.56B,0.0033
26/12/2023,967.36,967.68,969.99,964.74,,0
27/12/2023,968.73,971.35,973.96,967.9,2.88B,0.0014
28/12/2023,977.07,973.18,979.4,971.76,2.79B,0.0086
29/12/2023,970.57,978.01,978.27,969.27,2.85B,-0.0067
2/1/2024,979.43,969.46,979.43,966.47,2.34B,0.0091
3/1/2024,973.38,977.74,978.77,971.42,2.49B,-0.0062
4/1/2024,988.64,975.7,991.47,973.81,2.96B,0.0157
5/1/2024,986.26,992.16,998.34,986.26,2.38B,-0.0024
8/1/2024,976.44,988.65,994.77,974.87,2.66B,-0.01
9/1/2024,970.08,979.83,982.38,967.05,3.91B,-0.0065
10/1/2024,969.14,967.27,974.29,963.17,2.55B,-0.001
11/1/2024,969.94,974.78,978.22,969.94,5.53B,0.0008
12/1/2024,977.82,974.8,979.72,972.1,4.33B,0.0081
15/01/2024,974.06,980.54,982.27,972.1,3.04B,-0.0038
16/01/2024,975.39,975.65,981.3,972.12,2.89B,0.0014
17/01/2024,968.94,976.51,977.26,963.96,10.48B,-0.0066
18/01/2024,972.96,968.59,976.38,967.8,4.13B,0.0041
19/01/2024,972.67,976.87,978.71,968.04,3.15B,-0.0003
22/01/2024,973.37,973.79,976.17,967.75,2.95B,0.0007
23/01/2024,971.77,969.84,973.27,963.69,3.03B,-0.0016
24/01/2024,966.25,971.61,974.73,960.63,3.51B,-0.0057
25/01/2024,959.8,963.45,971.13,959.2,3.39B,-0.0067
26/01/2024,951.49,954.16,957.12,945.04,3.79B,-0.0087
29/01/2024,961.92,953.67,961.92,952.36,7.60B,0.011
30/01/2024,971.7,959.66,975.23,957.27,7.55B,0.0102
31/01/2024,974.22,976.4,981.2,972.59,6.27B,0.0026
1/2/2024,977.27,977.24,983.21,972.81,7.91B,0.0031
2/2/2024,984.67,981.69,984.67,975.46,3.59B,0.0076
5/2/2024,975.49,984.36,985.44,975.49,5.35B,-0.0093
6/2/2024,980.62,982.38,984.71,978.51,5.51B,0.0053
7/2/2024,983.14,984.47,986.94,981.41,2.81B,0.0026
12/2/2024,995.17,990.41,996.87,987.57,7.22B,0.0122
13/02/2024,988.16,996.03,997,986.28,3.46B,-0.007
15/02/2024,1003.32,1016.24,1017.38,1003.32,5.88B,0.0153
16/02/2024,1006.63,1010.89,1014.63,1002.36,4.43B,0.0033
19/02/2024,998.29,1003.95,1007.81,996.23,5.14B,-0.0083
20/02/2024,1010.87,1003.57,1010.87,1001.9,3.99B,0.0126
21/02/2024,1008.41,1009.39,1012.28,997.44,5.26B,-0.0024
22/02/2024,1002.51,1005.33,1008.34,1000.13,3.46B,-0.0059
23/02/2024,994.16,999.65,1001.65,988.87,3.97B,-0.0083
26/02/2024,991.6,990.33,994.28,986.72,3.43B,-0.0026
27/02/2024,992.69,987.25,994.74,985.39,6.09B,0.0011
28/02/2024,997.25,994.16,999.31,990.87,9.81B,0.0046
29/02/2024,989.93,996.85,998.06,986.28,9.35B,-0.0073
1/3/2024,987.9,990.48,992.88,981.24,4.13B,-0.0021
4/3/2024,981.95,989.42,990.45,979.79,7.06B,-0.006
5/3/2024,979.88,986.29,987.72,979.3,3.84B,-0.0021
6/3/2024,994.06,980.88,995.04,980.61,8.78B,0.0145
7/3/2024,996.56,996.01,1000.61,993.85,8.53B,0.0025
8/3/2024,1000.35,1001.92,1004.8,998.78,3.51B,0.0038
13/03/2024,1003.48,1009.18,1009.61,999.94,4.41B,0.0031
14/03/2024,1011.6,1000.04,1011.6,998.61,4.94B,0.0081
15/03/2024,997.47,1006.2,1007.87,991.01,14.42B,-0.014
18/03/2024,993.6,999.66,1004.73,993.6,6.77B,-0.0039
19/03/2024,997.15,997.57,1004.03,996.14,4.85B,0.0036
20/03/2024,992.93,989.97,995.32,988.12,7.90B,-0.0042
21/03/2024,994.77,999.38,1003.94,994.77,4.54B,0.0019
22/03/2024,996.74,992.41,997.24,990.58,3.74B,0.002
25/03/2024,1001.91,994.44,1001.91,990.2,3.39B,0.0052
26/03/2024,997.8,993.12,999.03,991.76,4.88B,-0.0041
27/03/2024,990.37,997.49,999.1,988.76,3.93B,-0.0074
28/03/2024,985.97,985.78,991.28,979.99,4.02B,-0.0044
1/4/2024,969.08,985.27,986.92,957.79,3.32B,-0.0171
2/4/2024,968.37,967.7,969.82,953.53,4.47B,-0.0007
3/4/2024,953.9,963.03,965.41,951.66,3.31B,-0.0149
4/4/2024,967.77,954.85,968.67,954.78,3.27B,0.0145
5/4/2024,963.73,965.73,970.61,963.49,2.77B,-0.0042
16/04/2024,935.34,928.68,947.27,924.96,8.00B,-0.0295
17/04/2024,928.35,943.3,946.71,928.35,5.13B,-0.0075
18/04/2024,935.51,932.9,939.55,929.86,4.17B,0.0077
19/04/2024,920.31,927.44,929.54,914.45,5.94B,-0.0162
22/04/2024,921.46,922.77,926.69,912.32,4.07B,0.0012
23/04/2024,927.64,927.95,937.95,924.33,5.20B,0.0067
24/04/2024,931.35,931.16,936.67,924.88,5.02B,0.004
25/04/2024,923.49,929.79,931.81,920.62,3.72B,-0.0084
26/04/2024,898.78,919.45,921.89,898.78,4.50B,-0.0268
29/04/2024,915.35,895.22,917.38,894.65,4.75B,0.0184
30/04/2024,926.73,922.62,933.97,919.58,5.80B,0.0124
1/5/2024,926.73,922.62,933.97,919.58,,0
2/5/2024,898.75,925.48,925.95,893.48,4.80B,-0.0302
3/5/2024,903.33,904.15,908.31,894.89,6.48B,0.0051
6/5/2024,906.29,910.9,912.3,900.05,6.08B,0.0033
7/5/2024,898.02,906.22,908.28,897.15,4.32B,-0.0091
8/5/2024,893.43,898.9,906.55,891.85,4.36B,-0.0051
13/05/2024,895.55,887.55,897.21,885.36,4.27B,0.0024
14/05/2024,892.58,895.2,898.78,891.01,3.24B,-0.0033
15/05/2024,901.4,893.02,904.78,890.92,3.42B,0.0099
16/05/2024,909.31,906.67,912.59,904.9,4.89B,0.0088
17/05/2024,919.51,909.91,925.64,909.03,7.43B,0.0112
20/05/2024,908.54,922.17,927.98,905.39,5.28B,-0.0119
21/05/2024,891.58,906.82,909.83,890.69,3.78B,-0.0187
22/05/2024,895.84,894.02,900.51,891.3,4.64B,0.0048
27/05/2024,889.79,895,902.09,889.25,9.29B,-0.0068
28/05/2024,900.82,900.23,913.75,898.29,7.07B,0.0124
29/05/2024,886.18,904.88,905.8,884.85,5.88B,-0.0162
30/05/2024,874.12,883.01,886.42,863.96,7.54B,-0.0136
31/05/2024,871.42,882.88,887.95,871.42,15.38B,-0.0031
3/6/2024,888.28,883.75,891.5,876.08,5.12B,0.0193
4/6/2024,895.8,895.73,905.01,893.65,6.44B,0.0085
5/6/2024,881.7,899.3,900.24,879.63,5.49B,-0.0157
6/6/2024,892.1,890.95,896.91,884.97,5.45B,0.0118
7/6/2024,883.93,894.69,895.4,882.94,3.90B,-0.0092
10/6/2024,884.84,886.72,887.25,879.57,14.04B,0.001
11/6/2024,867.78,880.6,882.62,867.78,7.44B,-0.0193
12/6/2024,862.86,868.48,869.91,861.05,6.60B,-0.0057
13/06/2024,858.63,872.16,872.29,858.39,7.79B,-0.0049
14/06/2024,845.5,858.27,860.47,842.11,5.69B,-0.0153
19/06/2024,839.62,846.25,852.04,838.17,11.37B,-0.007
20/06/2024,854.78,844.74,854.78,841.32,5.34B,0.0181
21/06/2024,867.2,858.72,875.27,857.21,11.11B,0.0145
24/06/2024,864.4,866.7,871.3,864,3.44B,-0.0032
25/06/2024,861.67,861.21,862.89,853.74,3.88B,-0.0032
26/06/2024,863.29,862.18,870.19,861.47,3.51B,0.0019
27/06/2024,874.39,868.23,875.84,865.12,2.61B,0.0129
28/06/2024,887.73,879.33,893.08,878.82,3.66B,0.0152
1/7/2024,896.66,890.24,897.02,888.97,2.49B,0.0101
2/7/2024,892.72,898.85,902.03,889.9,2.43B,-0.0044
3/7/2024,897.6,898.49,898.91,889.97,2.17B,0.0055
4/7/2024,899.85,900.56,909.05,899.34,2.63B,0.0025
5/7/2024,906.64,905.47,911,901.68,1.82B,0.0075
8/7/2024,904.33,908.46,908.66,899.45,2.60B,-0.0025
9/7/2024,909.42,904.96,915.03,902.56,2.25B,0.0056
10/7/2024,912.33,912.33,916.23,910.24,9.70B,0.0032
11/7/2024,915.36,915.15,919.23,912.18,3.04B,0.0033
12/7/2024,920.38,922.25,925.61,917.61,2.05B,0.0055
15/07/2024,912.58,922.07,922.58,908.44,1.74B,-0.0085
16/07/2024,904.55,914.72,915.84,903.16,1.59B,-0.0088
17/07/2024,910.07,911.93,913.09,905.66,10.94B,0.0061
18/07/2024,922.78,911.56,923.69,910.6,4.08B,0.014
19/07/2024,919.53,919.31,920.21,912.32,3.40B,-0.0035
22/07/2024,923.25,923.97,925.53,920.08,3.22B,0.004
23/07/2024,923.26,926.34,927.17,919.59,14.07B,0
24/07/2024,917.17,920.15,923.48,915.04,4.09B,-0.0066
25/07/2024,916.16,917.75,918.31,908.84,2.79B,-0.0011
26/07/2024,920.39,920.55,924.16,918.8,2.37B,0.0046
29/07/2024,920.6,923.65,927.49,918,3.13B,0.0002
30/07/2024,910.76,919.88,920.54,908.98,2.98B,-0.0107
31/07/2024,913.71,913.17,916.99,910.8,5.02B,0.0032
1/8/2024,925.51,917.47,926.03,915.48,3.16B,0.0129
2/8/2024,919.37,921.15,925.16,914.44,3.92B,-0.0066
5/8/2024,890.71,908.71,909.16,882.15,8.59B,-0.0312
6/8/2024,899.18,898.35,905.33,891.56,3.09B,0.0095
7/8/2024,903.79,903.09,906.9,898.93,3.02B,0.0051
8/8/2024,898.9,903.94,906.7,897.65,3.13B,-0.0054
9/8/2024,908.13,904.1,912.11,904.09,2.95B,0.0103
12/8/2024,908.2,909.26,909.98,902.6,5.93B,0.0001
13/08/2024,912.51,911.95,914.9,906.12,3.04B,0.0047
14/08/2024,922.64,916.48,925.32,913.64,4.93B,0.0111
15/08/2024,919.52,924.01,925.44,914.49,3.04B,-0.0034
16/08/2024,925.27,926.64,928.39,922.65,2.60B,0.0063
19/08/2024,928.17,924.68,928.17,920.69,2.65B,0.0031
20/08/2024,939.14,932.72,940.1,929.88,4.69B,0.0118
21/08/2024,942.37,944.94,948.76,940.8,4.97B,0.0034
22/08/2024,934.36,937.79,940.98,928.58,3.14B,-0.0085
23/08/2024,943.22,938.73,946.98,937.76,2.54B,0.0095
26/08/2024,950.06,944.18,953.56,943.75,3.08B,0.0073
27/08/2024,946.51,948.48,950.27,939.76,3.02B,-0.0037
28/08/2024,948.65,947.86,951.11,939.77,3.34B,0.0023
29/08/2024,942.13,952.73,953.6,942.13,3.26B,-0.0069
30/08/2024,944.48,945.28,947.74,938.27,7.18B,0.0025
2/9/2024,950.37,947.58,955.62,946.22,2.64B,0.0062
3/9/2024,942.28,952.85,955.24,940.34,2.49B,-0.0085
4/9/2024,941.69,934.42,944.64,931.61,2.43B,-0.0006
5/9/2024,943.78,943.08,947.67,939.42,2.12B,0.0022
6/9/2024,950.19,944.54,953.23,943.61,2.29B,0.0068
9/9/2024,947.7,951.73,953.67,942.67,2.88B,-0.0026
10/9/2024,951.84,952.34,952.87,945.82,9.13B,0.0044
11/9/2024,951.63,953.72,955.73,948.45,4.23B,-0.0002
12/9/2024,958.48,955.86,963.66,955.86,13.08B,0.0072
13/09/2024,959.36,960.09,961.3,953.55,5.78B,0.0009
17/09/2024,966.92,963.38,968.13,961.13,9.18B,0.0079
18/09/2024,970.25,969.69,973.61,966.12,10.81B,0.0034
19/09/2024,979.68,975.9,981.91,973.55,11.15B,0.0097
20/09/2024,973.2,979.44,981.16,971.35,14.75B,-0.0066
23/09/2024,985.26,973.1,985.26,972.1,7.25B,0.0124
24/09/2024,985.41,984.91,988.27,983.06,5.49B,0.0002
25/09/2024,977.15,979.45,980.72,958.7,14.28B,-0.0084
26/09/2024,970.54,973.59,975.08,963.75,9.04B,-0.0068
27/09/2024,959.94,964.34,967.46,956.19,8.71B,-0.0109
30/09/2024,938.92,955.47,956.27,938.92,8.29B,-0.0219
1/10/2024,953.36,943.58,953.36,941.67,4.06B,0.0154
2/10/2024,938.7,944.97,950.95,933.22,7.79B,-0.0154
3/10/2024,937.39,939.31,941.72,931.31,6.06B,-0.0014
4/10/2024,929.73,934.83,937.37,924.51,10.83B,-0.0082
7/10/2024,927.37,929.12,934.11,921.27,10.53B,-0.0025
8/10/2024,939.27,923.82,944.67,918.26,5.80B,0.0128
9/10/2024,931.13,939.16,945.78,931,5.33B,-0.0087
10/10/2024,928.76,931.2,935.55,926.87,3.83B,-0.0025
11/10/2024,933.24,936.92,938.78,932.24,3.18B,0.0048
14/10/2024,937.73,932.89,940.29,932.88,7.03B,0.0048
15/10/2024,948.61,941.66,950.26,938.73,5.36B,0.0116
16/10/2024,949.21,952.35,952.8,945.5,6.13B,0.0006
17/10/2024,958.58,951.69,963.88,950.64,4.17B,0.0099
18/10/2024,961,964.17,967.12,956.73,3.21B,0.0025
21/10/2024,961.39,965.08,966.13,957.1,6.14B,0.0004
22/10/2024,954.38,957.15,960.75,952.73,10.81B,-0.0073
23/10/2024,954.76,951.17,955.83,950.86,6.05B,0.0004
24/10/2024,947.17,952.95,958.11,947.17,5.29B,-0.0079
25/10/2024,943.25,947.29,951.42,940.92,4.46B,-0.0041
28/10/2024,934.85,945.5,945.61,930.83,5.43B,-0.0089
29/10/2024,930.07,932.89,937.08,927.39,4.17B,-0.0051
30/10/2024,924.63,920.26,926.37,916.52,3.83B,-0.0058
31/10/2024,921.41,924.57,931.48,921.41,6.70B,-0.0035
1/11/2024,912.61,921.29,922.84,909.16,3.63B,-0.0096
4/11/2024,913.42,912.6,917.42,901.78,6.18B,0.0009
5/11/2024,920.14,912.13,920.42,909.7,4.38B,0.0074
6/11/2024,901.43,920.74,921.77,899.44,5.28B,-0.0203
