Date,Adj Close,Close,High,Low,Open,Volume
2022-11-07 00:00:00+00:00,2331.355957,3830,3840,3760,3760,20922900
2022-11-08 00:00:00+00:00,2307.007568,3790,3810,3760,3800,19180800
2022-11-09 00:00:00+00:00,2227.875244,3660,3780,3660,3780,58128700
2022-11-10 00:00:00+00:00,2112.220703,3470,3580,3430,3550,84559700
2022-11-11 00:00:00+00:00,2118.307617,3480,3520,3460,3470,27996300
2022-11-14 00:00:00+00:00,2118.307617,3480,3550,3460,3490,27835700
2022-11-15 00:00:00+00:00,2130.481934,3500,3530,3470,3510,16334300
2022-11-16 00:00:00+00:00,2130.481934,3500,3560,3490,3540,23171500
2022-11-17 00:00:00+00:00,2160.917236,3550,3560,3460,3500,13789700
2022-11-18 00:00:00+00:00,2160.917236,3550,3570,3520,3550,11151000
2022-11-21 00:00:00+00:00,2221.78833,3650,3650,3550,3550,21065200
2022-11-22 00:00:00+00:00,2246.136719,3690,3690,3630,3650,15741500
2022-11-23 00:00:00+00:00,2252.223633,3700,3740,3680,3690,11413000
2022-11-24 00:00:00+00:00,2246.136719,3690,3720,3680,3700,6081200
2022-11-25 00:00:00+00:00,2215.701172,3640,3700,3640,3690,6007100
2022-11-28 00:00:00+00:00,2240.049561,3680,3710,3640,3640,9513300
2022-11-29 00:00:00+00:00,2282.65918,3750,3770,3710,3730,14829100
2022-11-30 00:00:00+00:00,2313.094727,3800,3810,3770,3780,26589900
2022-12-01 00:00:00+00:00,2319.181641,3810,3850,3800,3820,13035900
2022-12-02 00:00:00+00:00,2294.833252,3770,3810,3760,3800,8869700
2022-12-05 00:00:00+00:00,2246.136719,3690,3800,3690,3800,10447500
2022-12-06 00:00:00+00:00,2227.875244,3660,3730,3650,3720,10636100
2022-12-07 00:00:00+00:00,2246.136719,3690,3740,3670,3670,15604000
2022-12-08 00:00:00+00:00,2252.223633,3700,3710,3610,3700,12590200
2022-12-09 00:00:00+00:00,2203.5271,3620,3680,3610,3680,11010300
2022-12-12 00:00:00+00:00,2313.094727,3800,3820,3620,3620,24873400
2022-12-13 00:00:00+00:00,2264.397949,3720,3800,3720,3800,13723700
2022-12-14 00:00:00+00:00,2307.007568,3790,3840,3750,3760,21040500
2022-12-15 00:00:00+00:00,2294.833252,3770,3830,3760,3780,14399200
2022-12-16 00:00:00+00:00,2313.094727,3800,3800,3720,3750,15471000
2022-12-19 00:00:00+00:00,2325.268799,3820,3820,3780,3800,11047100
2022-12-20 00:00:00+00:00,2294.833252,3770,3820,3760,3810,12167500
2022-12-21 00:00:00+00:00,2288.746338,3760,3790,3740,3790,6824700
2022-12-22 00:00:00+00:00,2288.746338,3760,3800,3740,3760,5661500
2022-12-23 00:00:00+00:00,2276.572021,3740,3760,3730,3750,6330000
2022-12-26 00:00:00+00:00,2252.223633,3700,3750,3690,3740,9093600
2022-12-27 00:00:00+00:00,2246.136719,3690,3710,3670,3690,6339500
2022-12-28 00:00:00+00:00,2233.962646,3670,3710,3660,3690,5923500
2022-12-29 00:00:00+00:00,2233.962646,3670,3690,3660,3670,5196900
2022-12-30 00:00:00+00:00,2246.136719,3690,3700,3650,3670,9279800
2023-01-02 00:00:00+00:00,2246.136719,3690,3740,3680,3690,3809800
2023-01-03 00:00:00+00:00,2270.485107,3730,3740,3680,3690,8567800
2023-01-04 00:00:00+00:00,2203.5271,3620,3730,3620,3730,13984400
2023-01-05 00:00:00+00:00,2075.697998,3410,3630,3390,3620,29603400
2023-01-06 00:00:00+00:00,2087.872314,3430,3500,3380,3400,17087900
2023-01-09 00:00:00+00:00,1996.565918,3280,3450,3260,3430,33010300
2023-01-10 00:00:00+00:00,2045.262573,3360,3370,3240,3280,17511900
2023-01-11 00:00:00+00:00,2069.611084,3400,3410,3310,3380,11056600
2023-01-12 00:00:00+00:00,2027.001465,3330,3380,3330,3360,10809700
2023-01-13 00:00:00+00:00,2027.001465,3330,3360,3320,3330,6907600
2023-01-16 00:00:00+00:00,2020.914185,3320,3350,3300,3320,6438200
2023-01-17 00:00:00+00:00,2039.175537,3350,3390,3300,3310,8112900
2023-01-18 00:00:00+00:00,2075.697998,3410,3460,3360,3360,10347000
2023-01-19 00:00:00+00:00,2124.394775,3490,3490,3410,3410,9464800
2023-01-20 00:00:00+00:00,2173.091553,3570,3570,3480,3500,12454900
2023-01-24 00:00:00+00:00,2154.830322,3540,3560,3510,3560,12646500
2023-01-25 00:00:00+00:00,2118.307617,3480,3540,3480,3540,9716900
2023-01-26 00:00:00+00:00,2063.523926,3390,3440,3360,3440,16932400
2023-01-27 00:00:00+00:00,2112.220703,3470,3480,3420,3430,12588300
2023-01-30 00:00:00+00:00,2100.046387,3450,3540,3430,3470,8147600
2023-01-31 00:00:00+00:00,2069.611084,3400,3480,3400,3420,16209800
2023-02-01 00:00:00+00:00,2057.436768,3380,3430,3360,3400,13751700
2023-02-02 00:00:00+00:00,2081.785156,3420,3420,3370,3390,12761100
2023-02-03 00:00:00+00:00,2027.001465,3330,3400,3320,3390,17534100
2023-02-06 00:00:00+00:00,1984.391602,3260,3350,3250,3330,31840600
2023-02-07 00:00:00+00:00,2112.220703,3470,3470,3330,3340,34808600
2023-02-08 00:00:00+00:00,2124.394775,3490,3530,3420,3500,15272900
2023-02-09 00:00:00+00:00,2118.307617,3480,3490,3400,3450,15367900
2023-02-10 00:00:00+00:00,2051.349609,3370,3430,3350,3430,20199900
2023-02-13 00:00:00+00:00,2051.349609,3370,3440,3360,3400,12384800
2023-02-14 00:00:00+00:00,2069.611084,3400,3430,3360,3370,7805600
2023-02-15 00:00:00+00:00,2093.959229,3440,3510,3400,3400,18276700
2023-02-16 00:00:00+00:00,2136.569092,3510,3520,3430,3450,13802700
2023-02-17 00:00:00+00:00,2124.394775,3490,3500,3470,3490,8531200
2023-02-20 00:00:00+00:00,2173.091553,3570,3580,3470,3490,11345300
2023-02-21 00:00:00+00:00,2142.656006,3520,3580,3520,3580,5918800
2023-02-22 00:00:00+00:00,2154.830322,3540,3590,3510,3550,6890700
2023-02-23 00:00:00+00:00,2167.004395,3560,3610,3540,3560,8374700
2023-02-24 00:00:00+00:00,2227.875244,3660,3680,3570,3600,15629200
2023-02-27 00:00:00+00:00,2270.485107,3730,3780,3700,3710,17146400
2023-02-28 00:00:00+00:00,2349.617188,3860,3870,3730,3730,36876800
2023-03-01 00:00:00+00:00,2361.79126,3880,3900,3860,3860,19526100
2023-03-02 00:00:00+00:00,2434.836426,4000,4000,3820,3880,36403900
2023-03-03 00:00:00+00:00,2440.92334,4010,4020,3940,4010,24567900
2023-03-06 00:00:00+00:00,2428.749268,3990,4000,3900,4000,19550700
2023-03-07 00:00:00+00:00,2331.355957,3830,3970,3830,3950,24036800
2023-03-08 00:00:00+00:00,2349.617188,3860,3890,3770,3790,22532000
2023-03-09 00:00:00+00:00,2398.313965,3940,3940,3860,3860,23742100
2023-03-10 00:00:00+00:00,2367.878418,3890,3940,3880,3940,12200200
2023-03-13 00:00:00+00:00,2392.226807,3930,3930,3860,3890,16218900
2023-03-14 00:00:00+00:00,2331.355957,3830,3920,3830,3920,23028400
2023-03-15 00:00:00+00:00,2319.181641,3810,3880,3810,3850,11839300
2023-03-16 00:00:00+00:00,2221.78833,3650,3820,3640,3790,28905300
2023-03-17 00:00:00+00:00,2361.79126,3880,3880,3660,3660,144938200
2023-03-20 00:00:00+00:00,2331.355957,3830,3840,3760,3810,13420800
2023-03-21 00:00:00+00:00,2282.65918,3750,3810,3750,3810,9262600
2023-03-24 00:00:00+00:00,2258.310791,3710,3800,3710,3770,11071300
2023-03-27 00:00:00+00:00,2252.223633,3700,3770,3700,3730,11044100
2023-03-28 00:00:00+00:00,2319.181641,3810,3840,3710,3740,20342500
2023-03-29 00:00:00+00:00,2380.052734,3910,3960,3830,3860,27957300
2023-03-30 00:00:00+00:00,2355.704346,3870,3950,3850,3920,16050300
2023-03-31 00:00:00+00:00,2428.749268,3990,3990,3870,3870,22278900
2023-04-03 00:00:00+00:00,2459.184814,4040,4060,3990,4000,31523300
2023-04-04 00:00:00+00:00,2495.707275,4100,4150,4050,4090,25067200
2023-04-05 00:00:00+00:00,2477.446045,4070,4100,4050,4100,12105400
2023-04-06 00:00:00+00:00,2453.097656,4030,4090,4030,4060,9000200
2023-04-10 00:00:00+00:00,2410.488037,3960,4050,3930,4030,13363600
2023-04-11 00:00:00+00:00,2422.662354,3980,4010,3950,3960,12151300
2023-04-12 00:00:00+00:00,2386.139648,3920,3990,3920,3990,16002900
2023-04-13 00:00:00+00:00,2422.662354,3980,4060,3940,3940,21928200
2023-04-14 00:00:00+00:00,2416.575195,3970,4030,3930,3980,18329300
2023-04-17 00:00:00+00:00,2404.400879,3950,4000,3940,3970,14543500
2023-04-18 00:00:00+00:00,2459.184814,4040,4080,3950,3950,22457900
2023-04-26 00:00:00+00:00,2520.055664,4140,4140,4040,4040,35310300
2023-04-27 00:00:00+00:00,2513.96875,4130,4140,4110,4140,10775200
2023-04-28 00:00:00+00:00,2520.055664,4140,4200,4120,4130,18429100
2023-05-02 00:00:00+00:00,2349.617188,3860,3860,3860,3860,14301100
2023-05-03 00:00:00+00:00,2185.265625,3590,3590,3590,3590,24435700
2023-05-04 00:00:00+00:00,2075.697998,3410,3610,3390,3510,125846600
2023-05-05 00:00:00+00:00,2045.262573,3360,3400,3310,3400,53580000
2023-05-08 00:00:00+00:00,2124.394775,3490,3520,3380,3380,41505500
2023-05-09 00:00:00+00:00,2124.394775,3490,3520,3470,3510,17810800
2023-05-10 00:00:00+00:00,2124.394775,3490,3540,3480,3490,13856500
2023-05-11 00:00:00+00:00,2093.959229,3440,3510,3420,3500,18151200
2023-05-12 00:00:00+00:00,2069.611084,3400,3460,3400,3440,13302600
2023-05-15 00:00:00+00:00,2075.697998,3410,3460,3380,3400,12768700
2023-05-16 00:00:00+00:00,2051.349609,3370,3450,3340,3430,14421100
2023-05-17 00:00:00+00:00,1990.47876,3270,3370,3250,3370,37555700
2023-05-19 00:00:00+00:00,1899.172485,3120,3250,3100,3250,43420000
2023-05-22 00:00:00+00:00,1923.520874,3160,3220,3140,3140,33256500
2023-05-23 00:00:00+00:00,1917.433594,3150,3250,3150,3160,23083500
2023-05-24 00:00:00+00:00,1893.085449,3110,3190,3110,3150,16240300
2023-05-25 00:00:00+00:00,1832.214478,3010,3090,3010,3050,40149100
2023-05-26 00:00:00+00:00,1789.604858,2940,3060,2930,3000,30321200
2023-05-29 00:00:00+00:00,1801.778931,2960,2980,2840,2980,36353800
2023-05-30 00:00:00+00:00,1880.911133,3090,3120,2930,2960,31065600
2023-05-31 00:00:00+00:00,1862.649902,3060,3100,2990,3040,30729400
2023-06-05 00:00:00+00:00,1917.433594,3150,3170,3080,3090,22083900
2023-06-06 00:00:00+00:00,1996.565918,3280,3300,3200,3240,41069800
2023-06-07 00:00:00+00:00,1941.782104,3190,3260,3170,3260,35833900
2023-06-08 00:00:00+00:00,2008.740112,3300,3310,3210,3230,26853300
2023-06-09 00:00:00+00:00,2057.436768,3380,3390,3270,3320,28242500
2023-06-12 00:00:00+00:00,2148.743164,3530,3540,3390,3390,44733700
2023-06-13 00:00:00+00:00,2124.394775,3490,3550,3460,3520,51190800
2023-06-14 00:00:00+00:00,2118.307617,3480,3530,3440,3510,44344200
2023-06-15 00:00:00+00:00,2209.614014,3630,3640,3460,3490,97154700
2023-06-16 00:00:00+00:00,2325.268799,3820,4060,3820,4000,284014900
2023-06-19 00:00:00+00:00,2307.007568,3790,3870,3770,3820,63449900
2023-06-20 00:00:00+00:00,2343.530029,3850,3870,3810,3810,62961300
2023-06-21 00:00:00+00:00,2343.530029,3850,3880,3840,3870,61158000
2023-06-22 00:00:00+00:00,2300.92041,3780,3870,3750,3850,111652300
2023-06-23 00:00:00+00:00,2252.223633,3700,3810,3680,3780,225347500
2023-06-26 00:00:00+00:00,2722.425537,3150,3150,3150,3150,4857300
2023-06-27 00:00:00+00:00,2316.222412,2680,2680,2680,2680,64168100
2023-07-03 00:00:00+00:00,2350.792969,2720,2750,2660,2670,116625000
2023-07-04 00:00:00+00:00,2359.435547,2730,2750,2720,2730,33908200
2023-07-05 00:00:00+00:00,2402.648682,2780,2810,2740,2740,47096400
2023-07-06 00:00:00+00:00,2428.576416,2810,2830,2790,2790,33725200
2023-07-07 00:00:00+00:00,2394.006104,2770,2800,2760,2800,26853600
2023-07-10 00:00:00+00:00,2402.648682,2780,2800,2770,2770,20234400
2023-07-11 00:00:00+00:00,2385.363525,2760,2770,2730,2770,24286200
2023-07-12 00:00:00+00:00,2359.435547,2730,2760,2730,2760,26430800
2023-07-13 00:00:00+00:00,2368.078125,2740,2740,2710,2720,16924300
2023-07-14 00:00:00+00:00,2394.006104,2770,2790,2740,2740,22841800
2023-07-17 00:00:00+00:00,2411.29126,2790,2810,2780,2790,20966500
2023-07-18 00:00:00+00:00,2376.720703,2750,2800,2750,2790,17228700
2023-07-20 00:00:00+00:00,2394.006104,2770,2790,2760,2770,9100600
2023-07-21 00:00:00+00:00,2411.29126,2790,2800,2770,2780,16007800
2023-07-24 00:00:00+00:00,2489.074951,2880,2880,2800,2820,52006600
2023-07-25 00:00:00+00:00,2463.146973,2850,2910,2840,2890,51691700
2023-07-26 00:00:00+00:00,2489.074951,2880,2890,2850,2860,25935800
2023-07-27 00:00:00+00:00,2445.861816,2830,2880,2830,2880,19828800
2023-07-28 00:00:00+00:00,2419.933838,2800,2820,2760,2820,15406900
2023-07-31 00:00:00+00:00,2394.006104,2770,2820,2760,2790,25251600
2023-08-01 00:00:00+00:00,2359.435547,2730,2790,2730,2770,23270900
2023-08-02 00:00:00+00:00,2368.078125,2740,2760,2720,2730,13498100
2023-08-03 00:00:00+00:00,2368.078125,2740,2760,2730,2740,8719400
2023-08-04 00:00:00+00:00,2402.648682,2780,2810,2760,2760,17940600
2023-08-07 00:00:00+00:00,2394.006104,2770,2790,2760,2780,8800700
2023-08-08 00:00:00+00:00,2394.006104,2770,2800,2760,2780,12299300
2023-08-09 00:00:00+00:00,2402.648682,2780,2800,2760,2770,12224700
2023-08-10 00:00:00+00:00,2411.29126,2790,2820,2780,2800,13118900
2023-08-11 00:00:00+00:00,2394.006104,2770,2800,2770,2800,9851300
2023-08-14 00:00:00+00:00,2402.648682,2780,2790,2750,2770,11758100
2023-08-15 00:00:00+00:00,2411.29126,2790,2810,2770,2780,15620300
2023-08-16 00:00:00+00:00,2394.006104,2770,2800,2770,2800,8650100
2023-08-18 00:00:00+00:00,2411.29126,2790,2820,2770,2780,21852700
2023-08-21 00:00:00+00:00,2419.933838,2800,2820,2790,2800,19218000
2023-08-22 00:00:00+00:00,2584.143799,2990,2990,2810,2810,116091200
2023-08-23 00:00:00+00:00,2610.071533,3020,3070,3010,3010,64887800
2023-08-24 00:00:00+00:00,2549.573242,2950,3020,2950,3000,35075400
2023-08-25 00:00:00+00:00,2515.002686,2910,2950,2880,2940,19594600
2023-08-28 00:00:00+00:00,2566.858398,2970,2980,2930,2930,17600500
2023-08-29 00:00:00+00:00,2558.21582,2960,3010,2960,3000,25740000
2023-08-30 00:00:00+00:00,2515.002686,2910,2940,2880,2930,26862600
2023-08-31 00:00:00+00:00,2471.789551,2860,2900,2850,2900,17422300
2023-09-01 00:00:00+00:00,2489.074951,2880,2890,2850,2860,9102500
2023-09-04 00:00:00+00:00,2523.645264,2920,2960,2880,2880,24017100
2023-09-05 00:00:00+00:00,2532.288086,2930,2960,2900,2920,21273000
2023-09-06 00:00:00+00:00,2584.143799,2990,3000,2940,2950,40392900
2023-09-07 00:00:00+00:00,2523.645264,2920,2980,2920,2970,23288700
2023-09-08 00:00:00+00:00,2532.288086,2930,2960,2910,2910,12325600
2023-09-11 00:00:00+00:00,2489.074951,2880,2950,2880,2940,16394900
2023-09-12 00:00:00+00:00,2480.432129,2870,2910,2870,2890,10707800
2023-09-13 00:00:00+00:00,2445.861816,2830,2900,2830,2890,22179100
2023-09-14 00:00:00+00:00,2497.717529,2890,2910,2860,2860,19874100
2023-09-15 00:00:00+00:00,2463.146973,2850,2900,2850,2890,15248700
2023-09-18 00:00:00+00:00,2454.504395,2840,2880,2830,2850,9005200
2023-09-19 00:00:00+00:00,2489.074951,2880,2900,2800,2850,24105700
2023-09-20 00:00:00+00:00,2480.432129,2870,2930,2860,2880,22569600
2023-09-21 00:00:00+00:00,2437.219238,2820,2870,2810,2870,26347700
2023-09-22 00:00:00+00:00,2471.789551,2860,2870,2780,2800,15150600
2023-09-25 00:00:00+00:00,2463.146973,2850,2890,2840,2870,11448200
2023-09-26 00:00:00+00:00,2428.576416,2810,2870,2800,2870,12175400
2023-09-27 00:00:00+00:00,2419.933838,2800,2840,2790,2810,16730500
2023-09-29 00:00:00+00:00,2419.933838,2800,2820,2790,2810,13238700
2023-10-02 00:00:00+00:00,2419.933838,2800,2830,2790,2810,10995500
2023-10-03 00:00:00+00:00,2368.078125,2740,2810,2740,2800,29890100
2023-10-04 00:00:00+00:00,2324.86499,2690,2720,2680,2710,27672800
2023-10-05 00:00:00+00:00,2298.937256,2660,2710,2650,2680,22059800
2023-10-06 00:00:00+00:00,2298.937256,2660,2690,2640,2660,15054100
2023-10-09 00:00:00+00:00,2350.792969,2720,2740,2680,2690,17938500
2023-10-10 00:00:00+00:00,2376.720703,2750,2780,2740,2750,16467200
2023-10-11 00:00:00+00:00,2368.078125,2740,2780,2700,2780,14138600
2023-10-12 00:00:00+00:00,2342.150391,2710,2760,2700,2740,6972300
2023-10-13 00:00:00+00:00,2324.86499,2690,2740,2690,2740,9031100
2023-10-16 00:00:00+00:00,2342.150391,2710,2740,2700,2700,10559400
2023-10-17 00:00:00+00:00,2350.792969,2720,2740,2710,2710,4603300
2023-10-18 00:00:00+00:00,2350.792969,2720,2750,2700,2720,8393100
2023-10-19 00:00:00+00:00,2324.86499,2690,2730,2680,2730,10048500
2023-10-20 00:00:00+00:00,2350.792969,2720,2720,2670,2700,8034000
2023-10-23 00:00:00+00:00,2298.937256,2660,2720,2650,2720,15562700
2023-10-24 00:00:00+00:00,2307.579834,2670,2690,2660,2660,4910200
2023-10-25 00:00:00+00:00,2324.86499,2690,2710,2660,2670,7822600
2023-10-26 00:00:00+00:00,2298.937256,2660,2700,2640,2690,8877200
2023-10-27 00:00:00+00:00,2298.937256,2660,2680,2650,2660,3865600
2023-10-30 00:00:00+00:00,2238.438965,2590,2680,2590,2660,13971700
2023-10-31 00:00:00+00:00,2143.370117,2480,2540,2450,2510,35009600
2023-11-01 00:00:00+00:00,2039.658569,2360,2470,2350,2460,29746200
2023-11-02 00:00:00+00:00,2056.943848,2380,2410,2360,2360,14768500
2023-11-03 00:00:00+00:00,2065.586426,2390,2420,2380,2390,15475300
2023-11-06 00:00:00+00:00,2074.229004,2400,2420,2390,2400,10389400
2023-11-07 00:00:00+00:00,2039.658569,2360,2410,2350,2400,11316700
2023-11-08 00:00:00+00:00,2013.730713,2330,2370,2310,2360,10537000
2023-11-09 00:00:00+00:00,2031.015991,2350,2370,2330,2350,9197100
2023-11-10 00:00:00+00:00,2022.373291,2340,2370,2340,2350,5557200
2023-11-13 00:00:00+00:00,2039.658569,2360,2370,2340,2340,6214200
2023-11-14 00:00:00+00:00,2065.586426,2390,2400,2360,2360,6851600
2023-11-15 00:00:00+00:00,2074.229004,2400,2430,2400,2400,7956100
2023-11-16 00:00:00+00:00,2056.943848,2380,2410,2370,2400,4847000
2023-11-17 00:00:00+00:00,2074.229004,2400,2410,2380,2380,4944200
2023-11-20 00:00:00+00:00,2091.514404,2420,2440,2400,2400,5072600
2023-11-21 00:00:00+00:00,2100.156982,2430,2440,2410,2420,4335600
2023-11-22 00:00:00+00:00,2091.514404,2420,2490,2420,2440,8969300
2023-11-23 00:00:00+00:00,2100.156982,2430,2440,2400,2420,3260600
2023-11-24 00:00:00+00:00,2126.084717,2460,2480,2440,2440,5179400
2023-11-27 00:00:00+00:00,2108.799561,2440,2480,2440,2460,7940300
2023-11-28 00:00:00+00:00,2108.799561,2440,2470,2440,2450,4994200
2023-11-29 00:00:00+00:00,2091.514404,2420,2460,2420,2450,5818000
2023-11-30 00:00:00+00:00,2091.514404,2420,2440,2410,2420,6078200
2023-12-01 00:00:00+00:00,2100.156982,2430,2450,2430,2440,6114400
2023-12-04 00:00:00+00:00,2126.084717,2460,2470,2440,2450,7547600
2023-12-05 00:00:00+00:00,2091.514404,2420,2470,2420,2470,5829600
2023-12-06 00:00:00+00:00,2082.871582,2410,2440,2400,2420,7407000
2023-12-07 00:00:00+00:00,2091.514404,2420,2440,2400,2410,9757500
2023-12-08 00:00:00+00:00,2082.871582,2410,2440,2410,2440,10357500
2023-12-11 00:00:00+00:00,2048.30127,2370,2440,2360,2420,11896500
2023-12-12 00:00:00+00:00,2031.015991,2350,2400,2340,2380,9805900
2023-12-13 00:00:00+00:00,1987.802856,2300,2350,2300,2350,10745300
2023-12-14 00:00:00+00:00,1996.445435,2310,2340,2300,2300,6876400
2023-12-15 00:00:00+00:00,1996.445435,2310,2410,2310,2320,23165500
2023-12-18 00:00:00+00:00,2013.730713,2330,2360,2310,2320,11128000
2023-12-19 00:00:00+00:00,2048.30127,2370,2370,2330,2340,7665600
2023-12-20 00:00:00+00:00,2039.658569,2360,2410,2350,2370,9858700
2023-12-21 00:00:00+00:00,2056.943848,2380,2390,2350,2370,6161100
2023-12-22 00:00:00+00:00,2074.229004,2400,2410,2380,2390,7311600
2023-12-27 00:00:00+00:00,2108.799561,2440,2450,2400,2400,10653600
2023-12-28 00:00:00+00:00,2126.084717,2460,2470,2440,2440,8040000
2023-12-29 00:00:00+00:00,2108.799561,2440,2470,2430,2470,8144200
2024-01-02 00:00:00+00:00,2186.583008,2530,2550,2440,2440,20588900
2024-01-03 00:00:00+00:00,2186.583008,2530,2540,2480,2520,15782700
2024-01-04 00:00:00+00:00,2290.294678,2650,2690,2540,2540,36304400
2024-01-05 00:00:00+00:00,2298.937256,2660,2700,2650,2650,20780900
2024-01-08 00:00:00+00:00,2273.009277,2630,2680,2620,2660,14404100
2024-01-09 00:00:00+00:00,2273.009277,2630,2650,2590,2640,12085800
2024-01-10 00:00:00+00:00,2290.294678,2650,2660,2620,2640,10351400
2024-01-11 00:00:00+00:00,2264.366699,2620,2650,2610,2650,6832800
2024-01-12 00:00:00+00:00,2281.651855,2640,2650,2610,2620,7291900
2024-01-15 00:00:00+00:00,2342.150391,2710,2720,2650,2650,20575200
2024-01-16 00:00:00+00:00,2333.507568,2700,2720,2680,2720,9765000
2024-01-17 00:00:00+00:00,2298.937256,2660,2720,2660,2700,12819400
2024-01-18 00:00:00+00:00,2281.651855,2640,2660,2620,2660,8669100
2024-01-19 00:00:00+00:00,2264.366699,2620,2650,2610,2650,6349700
2024-01-22 00:00:00+00:00,2203.868408,2550,2630,2550,2610,15847200
2024-01-23 00:00:00+00:00,2195.22583,2540,2590,2520,2550,8693800
2024-01-24 00:00:00+00:00,2169.297852,2510,2580,2500,2560,7820000
2024-01-25 00:00:00+00:00,2221.153564,2570,2580,2510,2510,9744300
2024-01-26 00:00:00+00:00,2221.153564,2570,2600,2540,2600,5259500
2024-01-29 00:00:00+00:00,2221.153564,2570,2590,2560,2570,5576600
2024-01-30 00:00:00+00:00,2238.438965,2590,2610,2540,2560,8538000
2024-01-31 00:00:00+00:00,2255.724121,2610,2660,2600,2610,14814000
2024-02-01 00:00:00+00:00,2212.510986,2560,2610,2560,2610,12264200
2024-02-02 00:00:00+00:00,2195.22583,2540,2580,2540,2560,6281100
2024-02-05 00:00:00+00:00,2195.22583,2540,2590,2540,2550,8566700
2024-02-06 00:00:00+00:00,2212.510986,2560,2570,2540,2550,8824400
2024-02-07 00:00:00+00:00,2255.724121,2610,2610,2560,2560,6168100
2024-02-12 00:00:00+00:00,2290.294678,2650,2660,2610,2610,11854100
2024-02-13 00:00:00+00:00,2281.651855,2640,2660,2630,2650,5620100
2024-02-15 00:00:00+00:00,2298.937256,2660,2700,2650,2660,10671400
2024-02-16 00:00:00+00:00,2316.222412,2680,2690,2650,2680,13090200
2024-02-19 00:00:00+00:00,2324.86499,2690,2690,2650,2680,10044100
2024-02-20 00:00:00+00:00,2281.651855,2640,2690,2640,2690,9295000
2024-02-21 00:00:00+00:00,2255.724121,2610,2640,2600,2640,7854800
2024-02-22 00:00:00+00:00,2273.009277,2630,2650,2600,2610,6881000
2024-02-23 00:00:00+00:00,2273.009277,2630,2640,2610,2630,3933700
2024-02-26 00:00:00+00:00,2229.796143,2580,2640,2580,2640,11071200
2024-02-27 00:00:00+00:00,2238.438965,2590,2610,2590,2600,5649800
2024-02-28 00:00:00+00:00,2264.366699,2620,2630,2600,2600,4858100
2024-02-29 00:00:00+00:00,2212.510986,2560,2630,2560,2620,16546000
2024-03-01 00:00:00+00:00,2229.796143,2580,2610,2570,2590,8631800
2024-03-04 00:00:00+00:00,2324.86499,2690,2690,2590,2590,27146000
2024-03-05 00:00:00+00:00,2368.078125,2740,2800,2740,2740,69921100
2024-03-06 00:00:00+00:00,2402.648682,2780,2790,2730,2760,27998700
2024-03-07 00:00:00+00:00,2454.504395,2840,2840,2750,2780,30004000
2024-03-08 00:00:00+00:00,2506.360107,2900,2900,2810,2840,34845300
2024-03-13 00:00:00+00:00,2419.933838,2800,2900,2800,2900,33678100
2024-03-14 00:00:00+00:00,2489.074951,2880,2890,2800,2800,31781000
2024-03-15 00:00:00+00:00,2454.504395,2840,2940,2840,2890,49866500
2024-03-18 00:00:00+00:00,2463.146973,2850,2880,2840,2860,12802300
2024-03-19 00:00:00+00:00,2532.288086,2930,2930,2850,2850,21766300
2024-03-20 00:00:00+00:00,2497.717529,2890,2930,2890,2920,14828300
2024-03-21 00:00:00+00:00,2549.573242,2950,2980,2900,2900,26602900
2024-03-22 00:00:00+00:00,2540.930664,2940,2980,2940,2950,15643300
2024-03-25 00:00:00+00:00,2532.288086,2930,2950,2900,2950,13402300
2024-03-26 00:00:00+00:00,2540.930664,2940,2950,2900,2950,13218400
2024-03-27 00:00:00+00:00,2549.573242,2950,2960,2940,2940,12763000
2024-03-28 00:00:00+00:00,2566.858398,2970,2990,2950,2970,24637300
2024-04-01 00:00:00+00:00,2497.717529,2890,2970,2850,2970,32364300
2024-04-02 00:00:00+00:00,2523.645264,2920,2920,2860,2890,16327900
2024-04-03 00:00:00+00:00,2523.645264,2920,2950,2900,2920,17802900
2024-04-04 00:00:00+00:00,2532.288086,2930,2940,2880,2910,9335400
2024-04-05 00:00:00+00:00,2532.288086,2930,2940,2910,2930,9068600
2024-04-16 00:00:00+00:00,2679.212402,3100,3130,2930,2940,58080000
2024-04-17 00:00:00+00:00,2670.569824,3090,3160,3060,3120,36783600
2024-04-18 00:00:00+00:00,2705.140381,3130,3130,3030,3100,26810000
2024-04-19 00:00:00+00:00,2713.782959,3140,3150,3090,3130,22919300
2024-04-22 00:00:00+00:00,2661.927246,3080,3150,3060,3140,19618600
2024-04-23 00:00:00+00:00,2644.64209,3060,3090,3050,3080,8395600
2024-04-24 00:00:00+00:00,2558.21582,2960,3100,2870,3080,31018500
2024-04-25 00:00:00+00:00,2497.717529,2890,2960,2870,2960,23582700
2024-04-26 00:00:00+00:00,2489.074951,2880,2940,2880,2900,11557400
2024-04-29 00:00:00+00:00,2592.786377,3000,3000,2860,2900,11267600
2024-04-30 00:00:00+00:00,2618.714111,3030,3030,2980,3000,14322600
2024-05-02 00:00:00+00:00,2497.717529,2890,2920,2750,2760,45398700
2024-05-03 00:00:00+00:00,2532.288086,2930,2950,2890,2910,15044700
2024-05-06 00:00:00+00:00,2532.288086,2930,2950,2910,2940,14822200
2024-05-07 00:00:00+00:00,2489.074951,2880,2950,2870,2940,19836200
2024-05-08 00:00:00+00:00,2532.288086,2930,3020,2790,2900,89508200
2024-05-13 00:00:00+00:00,2532.288086,2930,2970,2910,2950,20604500
2024-05-14 00:00:00+00:00,2523.645264,2920,2960,2920,2940,22326100
2024-05-15 00:00:00+00:00,2515.002686,2910,2950,2900,2940,16338100
2024-05-16 00:00:00+00:00,2532.288086,2930,2930,2900,2920,21537000
2024-05-17 00:00:00+00:00,2523.645264,2920,2950,2910,2930,30769200
2024-05-20 00:00:00+00:00,2532.288086,2930,2960,2910,2930,72080600
2024-05-21 00:00:00+00:00,2570,2570,2640,2530,2550,61531400
2024-05-22 00:00:00+00:00,2590,2590,2600,2570,2570,18229700
2024-05-27 00:00:00+00:00,2520,2520,2600,2520,2600,21414000
2024-05-28 00:00:00+00:00,2510,2510,2560,2510,2540,11910700
2024-05-29 00:00:00+00:00,2470,2470,2530,2460,2520,14743600
2024-05-30 00:00:00+00:00,2490,2490,2500,2420,2470,9640300
2024-05-31 00:00:00+00:00,2490,2490,2520,2490,2500,15709000
2024-06-03 00:00:00+00:00,2580,2580,2590,2500,2500,16723300
2024-06-04 00:00:00+00:00,2570,2570,2590,2560,2590,11333500
2024-06-05 00:00:00+00:00,2530,2530,2580,2500,2570,9835700
2024-06-06 00:00:00+00:00,2510,2510,2540,2500,2530,4891100
2024-06-07 00:00:00+00:00,2530,2530,2550,2510,2520,7711700
2024-06-10 00:00:00+00:00,2480,2480,2540,2470,2530,13448200
2024-06-11 00:00:00+00:00,2440,2440,2500,2440,2480,12171100
2024-06-12 00:00:00+00:00,2430,2430,2460,2420,2440,6485000
2024-06-13 00:00:00+00:00,2520,2520,2520,2430,2430,14098000
2024-06-14 00:00:00+00:00,2460,2460,2520,2450,2520,5659700
2024-06-19 00:00:00+00:00,2430,2430,2470,2420,2460,5276200
2024-06-20 00:00:00+00:00,2420,2420,2450,2420,2430,6492600
2024-06-21 00:00:00+00:00,2420,2420,2450,2380,2430,18936500
2024-06-24 00:00:00+00:00,2430,2430,2440,2420,2430,6459100
2024-06-25 00:00:00+00:00,2410,2410,2450,2410,2440,6880400
2024-06-26 00:00:00+00:00,2440,2440,2440,2400,2410,6341900
2024-06-27 00:00:00+00:00,2430,2430,2440,2420,2440,4573400
2024-06-28 00:00:00+00:00,2450,2450,2470,2430,2430,12859800
2024-07-01 00:00:00+00:00,2500,2500,2500,2450,2460,9767100
2024-07-02 00:00:00+00:00,2490,2490,2520,2490,2500,9422500
2024-07-03 00:00:00+00:00,2500,2500,2530,2490,2500,10030300
2024-07-04 00:00:00+00:00,2530,2530,2570,2510,2520,18794900
2024-07-05 00:00:00+00:00,2540,2540,2570,2520,2540,9942000
2024-07-08 00:00:00+00:00,2550,2550,2560,2530,2540,7491700
2024-07-09 00:00:00+00:00,2530,2530,2570,2530,2550,10477700
2024-07-10 00:00:00+00:00,2540,2540,2560,2530,2530,7337200
2024-07-11 00:00:00+00:00,2550,2550,2560,2540,2550,4841300
2024-07-12 00:00:00+00:00,2530,2530,2560,2530,2550,7888600
2024-07-15 00:00:00+00:00,2520,2520,2560,2500,2560,12266200
2024-07-16 00:00:00+00:00,2530,2530,2550,2520,2530,6947800
2024-07-17 00:00:00+00:00,2540,2540,2550,2530,2550,7325200
2024-07-18 00:00:00+00:00,2620,2620,2630,2520,2540,26806000
2024-07-19 00:00:00+00:00,2630,2630,2680,2620,2620,30356300
2024-07-22 00:00:00+00:00,2680,2680,2700,2640,2640,18786400
2024-07-23 00:00:00+00:00,2650,2650,2720,2650,2690,21142700
2024-07-24 00:00:00+00:00,2620,2620,2680,2610,2650,11115400
2024-07-25 00:00:00+00:00,2610,2610,2660,2600,2620,10327000
2024-07-26 00:00:00+00:00,2660,2660,2670,2620,2620,8478400
2024-07-29 00:00:00+00:00,2670,2670,2700,2660,2680,10990800
2024-07-30 00:00:00+00:00,2640,2640,2690,2640,2680,7184600
2024-07-31 00:00:00+00:00,2680,2680,2680,2640,2640,10266700
2024-08-01 00:00:00+00:00,2670,2670,2700,2640,2700,9702200
2024-08-02 00:00:00+00:00,2720,2720,2740,2660,2670,22835800
2024-08-05 00:00:00+00:00,2560,2560,2710,2510,2710,48501700
2024-08-06 00:00:00+00:00,2590,2590,2630,2540,2600,19166600
2024-08-07 00:00:00+00:00,2610,2610,2630,2590,2600,10480400
2024-08-08 00:00:00+00:00,2590,2590,2620,2580,2610,8760900
2024-08-09 00:00:00+00:00,2580,2580,2620,2580,2600,7434400
2024-08-12 00:00:00+00:00,2650,2650,2650,2590,2590,13483400
2024-08-13 00:00:00+00:00,2660,2660,2680,2650,2670,8739100
2024-08-14 00:00:00+00:00,2720,2720,2720,2640,2660,22031400
2024-08-15 00:00:00+00:00,2700,2700,2720,2670,2720,19410100
2024-08-16 00:00:00+00:00,2730,2730,2750,2700,2720,25829000
2024-08-19 00:00:00+00:00,2710,2710,2730,2700,2730,11115900
2024-08-20 00:00:00+00:00,2720,2720,2730,2700,2720,9550300
2024-08-21 00:00:00+00:00,2710,2710,2740,2710,2720,12353000
2024-08-22 00:00:00+00:00,2720,2720,2740,2670,2700,17628700
2024-08-23 00:00:00+00:00,2760,2760,2790,2720,2720,22179900
2024-08-26 00:00:00+00:00,2770,2770,2790,2760,2770,12227700
2024-08-27 00:00:00+00:00,2780,2780,2820,2760,2780,16790600
2024-08-28 00:00:00+00:00,2780,2780,2800,2770,2790,10744200
2024-08-29 00:00:00+00:00,2780,2780,2810,2760,2780,15032300
2024-08-30 00:00:00+00:00,2730,2730,2780,2730,2780,21459200
2024-09-02 00:00:00+00:00,2820,2820,2820,2730,2740,30665600
2024-09-03 00:00:00+00:00,2800,2800,2850,2790,2820,14953700
2024-09-04 00:00:00+00:00,2760,2760,2810,2740,2770,14767300
2024-09-05 00:00:00+00:00,2750,2750,2780,2710,2760,14614200
2024-09-06 00:00:00+00:00,2710,2710,2750,2710,2750,13816400
2024-09-09 00:00:00+00:00,2680,2680,2730,2650,2720,22601600
2024-09-10 00:00:00+00:00,2670,2670,2710,2650,2690,17035500
2024-09-11 00:00:00+00:00,2660,2660,2690,2650,2650,9549300
2024-09-12 00:00:00+00:00,2720,2720,2750,2690,2690,20896600
2024-09-13 00:00:00+00:00,2730,2730,2740,2700,2720,10996900
2024-09-17 00:00:00+00:00,2800,2800,2820,2710,2730,32828500
2024-09-18 00:00:00+00:00,2780,2780,2820,2780,2810,9166700
2024-09-19 00:00:00+00:00,2780,2780,2800,2760,2780,10019700
2024-09-20 00:00:00+00:00,2950,2950,2950,2760,2790,85703000
2024-09-23 00:00:00+00:00,3120,3120,3130,2930,2950,127993400
2024-09-24 00:00:00+00:00,3100,3100,3140,3060,3120,42900500
2024-09-25 00:00:00+00:00,3080,3080,3160,3040,3120,41602600
2024-09-26 00:00:00+00:00,3110,3110,3120,3070,3100,30074500
2024-09-27 00:00:00+00:00,3140,3140,3140,3040,3110,43117300
2024-09-30 00:00:00+00:00,3080,3080,3180,3070,3150,37413700
2024-10-01 00:00:00+00:00,3070,3070,3120,2990,3080,55814500
2024-10-02 00:00:00+00:00,3050,3050,3080,3010,3070,23254500
2024-10-03 00:00:00+00:00,3060,3060,3080,3030,3050,18192500
2024-10-04 00:00:00+00:00,2990,2990,3100,2990,3060,27042800
2024-10-07 00:00:00+00:00,3100,3100,3140,3060,3060,31774800
2024-10-08 00:00:00+00:00,3080,3080,3120,3060,3110,21266900
2024-10-09 00:00:00+00:00,3050,3050,3080,3020,3080,14404900
2024-10-10 00:00:00+00:00,3020,3020,3070,3020,3050,15849000
2024-10-11 00:00:00+00:00,3030,3030,3060,3020,3050,10016300
2024-10-14 00:00:00+00:00,3100,3100,3120,3030,3040,30455100
2024-10-15 00:00:00+00:00,3100,3100,3140,3080,3100,24711000
2024-10-16 00:00:00+00:00,3080,3080,3120,3050,3120,21907400
2024-10-17 00:00:00+00:00,3060,3060,3090,3060,3080,12348900
2024-10-18 00:00:00+00:00,3050,3050,3080,3030,3070,12261800
2024-10-21 00:00:00+00:00,3020,3020,3050,3010,3050,15196900
2024-10-22 00:00:00+00:00,3040,3040,3050,3020,3020,7584100
2024-10-23 00:00:00+00:00,2950,2950,3050,2950,3040,29092600
2024-10-24 00:00:00+00:00,2920,2920,2970,2920,2950,13921900
2024-10-25 00:00:00+00:00,2880,2880,2940,2870,2920,17372800
2024-10-28 00:00:00+00:00,2870,2870,2910,2840,2880,16500200
2024-10-29 00:00:00+00:00,2850,2850,2870,2830,2850,9846900
2024-10-30 00:00:00+00:00,2840,2840,2880,2800,2850,17122400
2024-10-31 00:00:00+00:00,2960,2960,2960,2840,2850,22804100
2024-11-01 00:00:00+00:00,2920,2920,2950,2880,2950,14265400
2024-11-04 00:00:00+00:00,2870,2870,2920,2850,2920,9847800
2024-11-05 00:00:00+00:00,2890,2890,2920,2860,2880,13393700
2024-11-06 00:00:00+00:00,2860,2860,2900,2840,2900,9440000
